date,equity_index,bond_index
2025-12-31,100.0,100.0
2026-01-01,99.4218,99.8637
2026-01-02,98.912,99.9906
2026-01-05,98.338,99.7557
2026-01-06,99.3419,99.4003
2026-01-07,99.1347,99.3705
2026-01-08,99.4988,99.2969
2026-01-09,100.0904,99.1398
2026-01-12,99.5554,99.1483
2026-01-13,99.7042,98.705
2026-01-14,99.7172,98.6764
2026-01-15,100.3452,98.7467
2026-01-16,100.466,98.5741
2026-01-19,99.5926,98.5177
2026-01-20,100.4283,98.6179
2026-01-21,100.2876,98.7643
2026-01-22,99.6736,98.7758
2026-01-23,98.573,99.2647
2026-01-26,98.3584,99.3904
2026-01-27,98.3051,99.5713
2026-01-28,97.6718,99.096
2026-01-29,97.0032,98.5836
2026-01-30,97.815,98.7984
2026-02-02,97.8692,98.6846
2026-02-03,96.9034,99.0175
2026-02-04,95.8087,99.4489
2026-02-05,95.7816,99.2867
2026-02-06,95.5874,99.0126
2026-02-09,95.7299,99.2541
2026-02-10,95.8145,99.0041
2026-02-11,97.3751,98.9608
2026-02-12,97.3517,98.6963
2026-02-13,97.7286,98.907
2026-02-16,99.3908,98.5811
2026-02-17,99.0255,98.6856
2026-02-18,98.8644,98.7728
2026-02-19,98.9431,98.5524
2026-02-20,99.9716,98.894
2026-02-23,100.2972,99.3275
2026-02-24,100.4143,99.037
2026-02-25,101.7582,99.2421
2026-02-26,101.0656,98.7323
2026-02-27,99.8798,98.5093
2026-03-02,99.7987,98.8486
2026-03-03,100.557,98.5168
2026-03-04,100.1771,98.4909
2026-03-05,99.4868,97.9744
2026-03-06,99.2875,98.2185
2026-03-09,98.6681,98.4972
2026-03-10,99.5485,98.4289
2026-03-11,99.7008,99.1156
2026-03-12,98.4997,99.0289
2026-03-13,99.3643,99.1152
2026-03-16,98.9404,98.4964
2026-03-17,99.2894,98.3606
2026-03-18,99.0833,98.5678
2026-03-19,100.5234,98.5391
2026-03-20,99.7544,98.622
2026-03-23,100.8207,98.7436
2026-03-24,100.4749,98.5487
2026-03-25,101.799,98.0261
2026-03-26,99.9379,98.0706
2026-03-27,100.0837,97.6681
2026-03-30,99.6025,97.5646
2026-03-31,100.4878,97.7419
2026-04-01,101.1577,97.8702
2026-04-02,100.7504,97.2468
2026-04-03,101.4092,97.0953
2026-04-06,102.3597,97.1241
2026-04-07,103.8572,97.7146
2026-04-08,104.7648,97.342
2026-04-09,104.5969,97.3725
2026-04-10,104.3547,97.2723
2026-04-13,104.769,97.2843
2026-04-14,104.6579,96.8538
2026-04-15,106.5011,97.0638
2026-04-16,105.2852,97.0478
2026-04-17,103.1017,96.8005
2026-04-20,102.8481,96.6131
2026-04-21,103.1472,97.1622
2026-04-22,104.2607,96.9421
2026-04-23,103.5441,96.6607
2026-04-24,103.404,96.5542
2026-04-27,103.9793,96.707
2026-04-28,103.578,96.6724
2026-04-29,104.7278,96.3477
2026-04-30,106.4912,96.3247
2026-05-01,107.4008,96.3703
2026-05-04,108.5833,96.8145
2026-05-05,108.0958,96.2608
2026-05-06,106.0709,96.6241
2026-05-07,106.7144,96.5644
2026-05-08,107.0211,96.6084
2026-05-11,108.4754,96.7893
2026-05-12,108.7532,96.925
2026-05-13,108.1845,97.1059
2026-05-14,109.3249,97.5529
2026-05-15,107.9467,97.3414
2026-05-18,107.7679,97.5838
2026-05-19,108.5801,97.1772
2026-05-20,109.5425,97.3629
2026-05-21,108.4321,97.1212
2026-05-22,107.7309,96.8046
2026-05-25,106.4035,96.8338
2026-05-26,107.1543,96.8633
2026-05-27,107.6488,96.4934
2026-05-28,106.6011,96.4899
2026-05-29,106.9971,96.4774
2026-06-01,106.559,96.8821
2026-06-02,106.6983,96.4858
2026-06-03,106.5022,96.9934
2026-06-04,106.7256,97.2901
2026-06-05,107.8299,97.1672
2026-06-08,108.6763,97.1437
2026-06-09,108.7529,96.8713
2026-06-10,107.7035,96.3537
2026-06-11,106.2815,96.6993
2026-06-12,105.9979,96.8631
2026-06-15,106.3456,96.4463
2026-06-16,106.3681,96.4708
2026-06-17,106.9273,96.3988
2026-06-18,105.6343,96.4347
2026-06-19,106.44,96.2451
2026-06-22,106.6918,96.1574
2026-06-23,107.9165,95.9021
2026-06-24,104.8878,95.862
2026-06-25,105.3617,95.86
2026-06-26,105.4085,96.0881
2026-06-29,105.9304,96.551
2026-06-30,106.3011,96.3582
2026-07-01,105.7206,96.3064
2026-07-02,105.7927,95.8775
2026-07-03,106.2701,95.9759
2026-07-06,107.4004,95.7027
2026-07-07,107.3437,95.2459
2026-07-08,106.409,95.4562
2026-07-09,106.3931,95.4049
2026-07-10,106.8939,95.2364
2026-07-13,107.1378,95.3967
2026-07-14,107.872,95.1555
2026-07-15,107.6804,95.8348
2026-07-16,107.8368,95.5813
2026-07-17,107.1452,95.8177
2026-07-20,107.3823,95.8568
2026-07-21,107.4336,95.9316
2026-07-22,107.9513,95.5819
2026-07-23,107.3602,96.2338
2026-07-24,106.8943,96.1964
2026-07-27,107.8451,95.9549
2026-07-28,108.707,96.2995
2026-07-29,108.8996,96.284
2026-07-30,108.6166,96.3021
2026-07-31,108.4676,96.7073
2026-08-03,109.1974,96.9151
2026-08-04,109.4586,97.0479
2026-08-05,108.3535,96.8858
2026-08-06,107.6076,96.6113
2026-08-07,108.8485,96.8101
2026-08-10,107.6646,96.5582
2026-08-11,106.172,96.894
2026-08-12,107.5049,96.8883
2026-08-13,107.197,97.1006
2026-08-14,107.5955,97.0485
2026-08-17,106.6851,97.7477
2026-08-18,107.919,97.7742
2026-08-19,107.2603,97.8257
2026-08-20,107.7263,98.1605
2026-08-21,108.1108,98.3665
2026-08-24,107.7157,98.1093
2026-08-25,107.7279,98.173
2026-08-26,109.0698,98.1199
2026-08-27,109.0986,98.1669
2026-08-28,109.3492,98.6219
2026-08-31,110.4608,98.4273
2026-09-01,109.8953,97.8625
2026-09-02,110.0999,97.0367
2026-09-03,109.2563,96.5688
2026-09-04,110.4003,96.422
2026-09-07,111.8761,96.4396
2026-09-08,111.0698,97.0177
2026-09-09,110.14,96.8642
2026-09-10,109.7374,96.448
2026-09-11,109.8082,96.1477
2026-09-14,110.5397,96.002
2026-09-15,111.2305,96.0545
2026-09-16,111.5238,96.5789
2026-09-17,111.0288,96.6909
2026-09-18,112.717,96.9208
2026-09-21,110.6484,96.9314
2026-09-22,109.4167,97.1557
2026-09-23,109.2755,96.9734
2026-09-24,110.5722,96.915
2026-09-25,110.2713,96.5601
2026-09-28,110.2797,96.7665
2026-09-29,109.2515,96.9084
2026-09-30,109.3252,97.7172
