date,instrument,close
2025-12-31,MSFT,480.13
2025-12-31,NVDA,185.06
2025-12-31,AMZN,225.03
2025-12-31,GOOGL,310.09
2025-12-31,SPY,680.18
2025-12-31,TLT,88.0
2025-12-31,OAT34,98.9
2025-12-31,BUND35,97.6
2025-12-31,MC,639.98
2025-12-31,TTE,56.01
2025-12-31,AI,170.04
2025-12-31,MMF,1027.09
2025-12-31,BTC,98018.96
2025-12-31,ETH,3598.84
2025-12-31,SOL,189.85
2026-01-01,MSFT,481.95
2026-01-01,NVDA,181.58
2026-01-01,AMZN,221.6
2026-01-01,GOOGL,313.42
2026-01-01,SPY,686.47
2026-01-01,TLT,88.03
2026-01-01,OAT34,98.73
2026-01-01,BUND35,97.73
2026-01-01,MC,643.51
2026-01-01,TTE,55.99
2026-01-01,AI,171.73
2026-01-01,MMF,1027.15
2026-01-01,BTC,92303.01
2026-01-01,ETH,3651.32
2026-01-01,SOL,185.99
2026-01-02,MSFT,479.0
2026-01-02,NVDA,180.78
2026-01-02,AMZN,221.82
2026-01-02,GOOGL,322.17
2026-01-02,SPY,679.86
2026-01-02,TLT,88.25
2026-01-02,OAT34,98.85
2026-01-02,BUND35,98.09
2026-01-02,MC,638.93
2026-01-02,TTE,55.83
2026-01-02,AI,170.99
2026-01-02,MMF,1027.25
2026-01-02,BTC,93808.83
2026-01-02,ETH,3423.31
2026-01-02,SOL,176.86
2026-01-05,MSFT,474.46
2026-01-05,NVDA,181.25
2026-01-05,AMZN,222.45
2026-01-05,GOOGL,326.17
2026-01-05,SPY,679.85
2026-01-05,TLT,88.88
2026-01-05,OAT34,99.01
2026-01-05,BUND35,98.11
2026-01-05,MC,638.24
2026-01-05,TTE,54.95
2026-01-05,AI,169.74
2026-01-05,MMF,1027.05
2026-01-05,BTC,89424.13
2026-01-05,ETH,3340.06
2026-01-05,SOL,173.05
2026-01-06,MSFT,479.21
2026-01-06,NVDA,184.18
2026-01-06,AMZN,221.34
2026-01-06,GOOGL,335.58
2026-01-06,SPY,684.62
2026-01-06,TLT,88.83
2026-01-06,OAT34,98.59
2026-01-06,BUND35,97.9
2026-01-06,MC,648.72
2026-01-06,TTE,55.66
2026-01-06,AI,174.02
2026-01-06,MMF,1026.8
2026-01-06,BTC,98089.36
2026-01-06,ETH,3295.41
2026-01-06,SOL,174.26
2026-01-07,MSFT,470.46
2026-01-07,NVDA,180.66
2026-01-07,AMZN,217.71
2026-01-07,GOOGL,340.09
2026-01-07,SPY,686.28
2026-01-07,TLT,88.84
2026-01-07,OAT34,98.45
2026-01-07,BUND35,97.75
2026-01-07,MC,656.41
2026-01-07,TTE,55.84
2026-01-07,AI,173.35
2026-01-07,MMF,1026.96
2026-01-07,BTC,95665.92
2026-01-07,ETH,3280.97
2026-01-07,SOL,181.15
2026-01-08,MSFT,472.93
2026-01-08,NVDA,184.52
2026-01-08,AMZN,221.68
2026-01-08,GOOGL,348.06
2026-01-08,SPY,688.13
2026-01-08,TLT,89.25
2026-01-08,OAT34,98.75
2026-01-08,BUND35,97.35
2026-01-08,MC,646.13
2026-01-08,TTE,56.32
2026-01-08,AI,173.61
2026-01-08,MMF,1027.06
2026-01-08,BTC,93297.38
2026-01-08,ETH,3441.75
2026-01-08,SOL,175.02
2026-01-09,MSFT,477.31
2026-01-09,NVDA,182.48
2026-01-09,AMZN,218.16
2026-01-09,GOOGL,341.9
2026-01-09,SPY,691.48
2026-01-09,TLT,90.38
2026-01-09,OAT34,98.65
2026-01-09,BUND35,98.14
2026-01-09,MC,642.5
2026-01-09,TTE,55.9
2026-01-09,AI,172.55
2026-01-09,MMF,1027.04
2026-01-09,BTC,92580.36
2026-01-09,ETH,3437.1
2026-01-09,SOL,176.02
2026-01-12,MSFT,469.45
2026-01-12,NVDA,181.88
2026-01-12,AMZN,216.65
2026-01-12,GOOGL,341.46
2026-01-12,SPY,681.06
2026-01-12,TLT,89.81
2026-01-12,OAT34,98.74
2026-01-12,BUND35,97.65
2026-01-12,MC,649.77
2026-01-12,TTE,56.04
2026-01-12,AI,168.62
2026-01-12,MMF,1026.98
2026-01-12,BTC,95051.57
2026-01-12,ETH,3590.01
2026-01-12,SOL,163.58
2026-01-13,MSFT,477.52
2026-01-13,NVDA,182.46
2026-01-13,AMZN,217.86
2026-01-13,GOOGL,349.01
2026-01-13,SPY,678.69
2026-01-13,TLT,88.93
2026-01-13,OAT34,99.16
2026-01-13,BUND35,97.78
2026-01-13,MC,641.64
2026-01-13,TTE,55.52
2026-01-13,AI,169.78
2026-01-13,MMF,1027.36
2026-01-13,BTC,96605.69
2026-01-13,ETH,3745.78
2026-01-13,SOL,163.96
2026-01-14,MSFT,484.91
2026-01-14,NVDA,182.01
2026-01-14,AMZN,218.25
2026-01-14,GOOGL,355.78
2026-01-14,SPY,690.59
2026-01-14,TLT,89.5
2026-01-14,OAT34,99.04
2026-01-14,BUND35,97.86
2026-01-14,MC,652.73
2026-01-14,TTE,55.32
2026-01-14,AI,169.65
2026-01-14,MMF,1027.56
2026-01-14,BTC,96891.19
2026-01-14,ETH,3712.8
2026-01-14,SOL,157.65
2026-01-15,MSFT,480.55
2026-01-15,NVDA,188.72
2026-01-15,AMZN,219.03
2026-01-15,GOOGL,366.3
2026-01-15,SPY,688.72
2026-01-15,TLT,88.82
2026-01-15,OAT34,99.33
2026-01-15,BUND35,97.66
2026-01-15,MC,656.18
2026-01-15,TTE,54.67
2026-01-15,AI,171.0
2026-01-15,MMF,1027.74
2026-01-15,BTC,103442.51
2026-01-15,ETH,3696.28
2026-01-15,SOL,150.18
2026-01-16,MSFT,482.8
2026-01-16,NVDA,185.73
2026-01-16,AMZN,218.51
2026-01-16,GOOGL,367.85
2026-01-16,SPY,692.32
2026-01-16,TLT,90.62
2026-01-16,OAT34,99.19
2026-01-16,BUND35,97.48
2026-01-16,MC,656.58
2026-01-16,TTE,54.94
2026-01-16,AI,170.92
2026-01-16,MMF,1028.09
2026-01-16,BTC,99607.46
2026-01-16,ETH,3560.68
2026-01-16,SOL,151.95
2026-01-19,MSFT,472.99
2026-01-19,NVDA,179.7
2026-01-19,AMZN,215.33
2026-01-19,GOOGL,352.9
2026-01-19,SPY,686.37
2026-01-19,TLT,91.04
2026-01-19,OAT34,99.63
2026-01-19,BUND35,97.51
2026-01-19,MC,650.88
2026-01-19,TTE,53.93
2026-01-19,AI,170.42
2026-01-19,MMF,1027.88
2026-01-19,BTC,95548.42
2026-01-19,ETH,3701.81
2026-01-19,SOL,139.73
2026-01-20,MSFT,488.8
2026-01-20,NVDA,179.75
2026-01-20,AMZN,215.23
2026-01-20,GOOGL,356.61
2026-01-20,SPY,691.77
2026-01-20,TLT,90.99
2026-01-20,OAT34,100.01
2026-01-20,BUND35,97.53
2026-01-20,MC,660.16
2026-01-20,TTE,54.82
2026-01-20,AI,174.3
2026-01-20,MMF,1027.89
2026-01-20,BTC,92568.26
2026-01-20,ETH,4000.9
2026-01-20,SOL,154.44
2026-01-21,MSFT,477.66
2026-01-21,NVDA,172.17
2026-01-21,AMZN,212.92
2026-01-21,GOOGL,355.91
2026-01-21,SPY,687.72
2026-01-21,TLT,90.34
2026-01-21,OAT34,100.02
2026-01-21,BUND35,97.16
2026-01-21,MC,649.21
2026-01-21,TTE,53.76
2026-01-21,AI,174.17
2026-01-21,MMF,1027.99
2026-01-21,BTC,95935.58
2026-01-21,ETH,3912.95
2026-01-21,SOL,163.25
2026-01-22,MSFT,470.71
2026-01-22,NVDA,164.35
2026-01-22,AMZN,208.56
2026-01-22,GOOGL,358.28
2026-01-22,SPY,683.15
2026-01-22,TLT,89.42
2026-01-22,OAT34,99.92
2026-01-22,BUND35,97.09
2026-01-22,MC,626.91
2026-01-22,TTE,53.18
2026-01-22,AI,174.12
2026-01-22,MMF,1028.33
2026-01-22,BTC,88600.15
2026-01-22,ETH,3710.47
2026-01-22,SOL,169.77
2026-01-23,MSFT,452.17
2026-01-23,NVDA,159.1
2026-01-23,AMZN,205.13
2026-01-23,GOOGL,349.07
2026-01-23,SPY,682.78
2026-01-23,TLT,90.0
2026-01-23,OAT34,99.76
2026-01-23,BUND35,97.28
2026-01-23,MC,612.51
2026-01-23,TTE,52.9
2026-01-23,AI,171.63
2026-01-23,MMF,1028.08
2026-01-23,BTC,85116.66
2026-01-23,ETH,3606.93
2026-01-23,SOL,173.03
2026-01-26,MSFT,451.76
2026-01-26,NVDA,156.71
2026-01-26,AMZN,208.95
2026-01-26,GOOGL,351.44
2026-01-26,SPY,692.01
2026-01-26,TLT,90.09
2026-01-26,OAT34,100.15
2026-01-26,BUND35,96.89
2026-01-26,MC,620.42
2026-01-26,TTE,53.71
2026-01-26,AI,171.07
2026-01-26,MMF,1028.2
2026-01-26,BTC,90311.93
2026-01-26,ETH,3634.87
2026-01-26,SOL,174.15
2026-01-27,MSFT,447.22
2026-01-27,NVDA,158.83
2026-01-27,AMZN,208.26
2026-01-27,GOOGL,346.41
2026-01-27,SPY,689.43
2026-01-27,TLT,89.74
2026-01-27,OAT34,99.96
2026-01-27,BUND35,96.51
2026-01-27,MC,615.68
2026-01-27,TTE,53.77
2026-01-27,AI,173.09
2026-01-27,MMF,1028.42
2026-01-27,BTC,90359.31
2026-01-27,ETH,3577.03
2026-01-27,SOL,174.34
2026-01-28,MSFT,438.56
2026-01-28,NVDA,155.96
2026-01-28,AMZN,201.34
2026-01-28,GOOGL,338.57
2026-01-28,SPY,680.69
2026-01-28,TLT,89.67
2026-01-28,OAT34,99.94
2026-01-28,BUND35,96.25
2026-01-28,MC,611.75
2026-01-28,TTE,53.32
2026-01-28,AI,173.59
2026-01-28,MMF,1028.15
2026-01-28,BTC,85137.31
2026-01-28,ETH,3543.23
2026-01-28,SOL,172.98
2026-01-29,MSFT,442.87
2026-01-29,NVDA,150.3
2026-01-29,AMZN,202.4
2026-01-29,GOOGL,338.68
2026-01-29,SPY,680.73
2026-01-29,TLT,90.45
2026-01-29,OAT34,100.09
2026-01-29,BUND35,96.17
2026-01-29,MC,607.59
2026-01-29,TTE,53.15
2026-01-29,AI,172.72
2026-01-29,MMF,1028.13
2026-01-29,BTC,86596.69
2026-01-29,ETH,3527.56
2026-01-29,SOL,154.23
2026-01-30,MSFT,448.85
2026-01-30,NVDA,150.72
2026-01-30,AMZN,201.82
2026-01-30,GOOGL,342.26
2026-01-30,SPY,691.14
2026-01-30,TLT,89.97
2026-01-30,OAT34,100.21
2026-01-30,BUND35,96.11
2026-01-30,MC,611.1
2026-01-30,TTE,52.98
2026-01-30,AI,172.97
2026-01-30,MMF,1028.39
2026-01-30,BTC,86479.4
2026-01-30,ETH,3499.34
2026-01-30,SOL,155.33
2026-02-02,MSFT,453.48
2026-02-02,NVDA,145.67
2026-02-02,AMZN,200.51
2026-02-02,GOOGL,343.74
2026-02-02,SPY,694.54
2026-02-02,TLT,91.52
2026-02-02,OAT34,100.61
2026-02-02,BUND35,96.5
2026-02-02,MC,605.65
2026-02-02,TTE,51.83
2026-02-02,AI,173.75
2026-02-02,MMF,1028.45
2026-02-02,BTC,86307.7
2026-02-02,ETH,3603.9
2026-02-02,SOL,155.02
2026-02-03,MSFT,447.0
2026-02-03,NVDA,147.54
2026-02-03,AMZN,197.64
2026-02-03,GOOGL,343.74
2026-02-03,SPY,689.16
2026-02-03,TLT,91.58
2026-02-03,OAT34,100.08
2026-02-03,BUND35,96.54
2026-02-03,MC,604.41
2026-02-03,TTE,50.47
2026-02-03,AI,169.06
2026-02-03,MMF,1028.33
2026-02-03,BTC,84184.66
2026-02-03,ETH,3382.22
2026-02-03,SOL,153.72
2026-02-04,MSFT,449.67
2026-02-04,NVDA,149.34
2026-02-04,AMZN,192.35
2026-02-04,GOOGL,339.2
2026-02-04,SPY,693.66
2026-02-04,TLT,91.2
2026-02-04,OAT34,100.0
2026-02-04,BUND35,96.38
2026-02-04,MC,611.15
2026-02-04,TTE,50.59
2026-02-04,AI,168.11
2026-02-04,MMF,1028.75
2026-02-04,BTC,86924.31
2026-02-04,ETH,3326.52
2026-02-04,SOL,163.26
2026-02-05,MSFT,440.91
2026-02-05,NVDA,148.57
2026-02-05,AMZN,193.64
2026-02-05,GOOGL,343.43
2026-02-05,SPY,691.93
2026-02-05,TLT,91.61
2026-02-05,OAT34,100.19
2026-02-05,BUND35,96.49
2026-02-05,MC,603.55
2026-02-05,TTE,50.74
2026-02-05,AI,169.18
2026-02-05,MMF,1029.03
2026-02-05,BTC,84837.66
2026-02-05,ETH,3295.63
2026-02-05,SOL,159.97
2026-02-06,MSFT,429.58
2026-02-06,NVDA,139.83
2026-02-06,AMZN,198.93
2026-02-06,GOOGL,332.78
2026-02-06,SPY,696.92
2026-02-06,TLT,91.25
2026-02-06,OAT34,100.14
2026-02-06,BUND35,96.56
2026-02-06,MC,610.46
2026-02-06,TTE,49.63
2026-02-06,AI,167.59
2026-02-06,MMF,1029.46
2026-02-06,BTC,86105.43
2026-02-06,ETH,3219.5
2026-02-06,SOL,148.1
2026-02-09,MSFT,426.17
2026-02-09,NVDA,137.56
2026-02-09,AMZN,197.84
2026-02-09,GOOGL,338.38
2026-02-09,SPY,685.72
2026-02-09,TLT,92.15
2026-02-09,OAT34,99.84
2026-02-09,BUND35,96.85
2026-02-09,MC,613.28
2026-02-09,TTE,50.11
2026-02-09,AI,166.79
2026-02-09,MMF,1029.3
2026-02-09,BTC,88006.99
2026-02-09,ETH,3245.36
2026-02-09,SOL,132.65
2026-02-10,MSFT,427.53
2026-02-10,NVDA,138.95
2026-02-10,AMZN,200.2
2026-02-10,GOOGL,344.87
2026-02-10,SPY,683.17
2026-02-10,TLT,93.38
2026-02-10,OAT34,100.03
2026-02-10,BUND35,96.39
2026-02-10,MC,616.87
2026-02-10,TTE,50.79
2026-02-10,AI,169.69
2026-02-10,MMF,1029.04
2026-02-10,BTC,87557.47
2026-02-10,ETH,3117.67
2026-02-10,SOL,139.39
2026-02-11,MSFT,429.92
2026-02-11,NVDA,142.8
2026-02-11,AMZN,207.13
2026-02-11,GOOGL,355.52
2026-02-11,SPY,694.34
2026-02-11,TLT,91.92
2026-02-11,OAT34,99.92
2026-02-11,BUND35,96.38
2026-02-11,MC,617.01
2026-02-11,TTE,51.33
2026-02-11,AI,172.17
2026-02-11,MMF,1028.93
2026-02-11,BTC,87883.46
2026-02-11,ETH,2956.92
2026-02-11,SOL,136.61
2026-02-12,MSFT,440.12
2026-02-12,NVDA,142.47
2026-02-12,AMZN,209.58
2026-02-12,GOOGL,365.77
2026-02-12,SPY,698.87
2026-02-12,TLT,89.76
2026-02-12,OAT34,100.13
2026-02-12,BUND35,96.29
2026-02-12,MC,610.59
2026-02-12,TTE,51.26
2026-02-12,AI,172.28
2026-02-12,MMF,1028.87
2026-02-12,BTC,86937.86
2026-02-12,ETH,3108.27
2026-02-12,SOL,145.03
2026-02-13,MSFT,451.22
2026-02-13,NVDA,140.46
2026-02-13,AMZN,203.36
2026-02-13,GOOGL,362.5
2026-02-13,SPY,695.94
2026-02-13,TLT,89.43
2026-02-13,OAT34,99.96
2026-02-13,BUND35,96.61
2026-02-13,MC,608.02
2026-02-13,TTE,51.2
2026-02-13,AI,171.68
2026-02-13,MMF,1029.09
2026-02-13,BTC,83316.67
2026-02-13,ETH,3059.5
2026-02-13,SOL,139.18
2026-02-16,MSFT,456.62
2026-02-16,NVDA,146.31
2026-02-16,AMZN,207.79
2026-02-16,GOOGL,371.3
2026-02-16,SPY,692.31
2026-02-16,TLT,89.74
2026-02-16,OAT34,99.25
2026-02-16,BUND35,96.63
2026-02-16,MC,610.54
2026-02-16,TTE,52.54
2026-02-16,AI,173.9
2026-02-16,MMF,1029.32
2026-02-16,BTC,85865.91
2026-02-16,ETH,3122.87
2026-02-16,SOL,144.29
2026-02-17,MSFT,462.15
2026-02-17,NVDA,144.74
2026-02-17,AMZN,208.86
2026-02-17,GOOGL,366.97
2026-02-17,SPY,691.62
2026-02-17,TLT,90.31
2026-02-17,OAT34,98.79
2026-02-17,BUND35,96.25
2026-02-17,MC,604.2
2026-02-17,TTE,51.69
2026-02-17,AI,175.89
2026-02-17,MMF,1029.79
2026-02-17,BTC,87674.77
2026-02-17,ETH,3231.77
2026-02-17,SOL,135.19
2026-02-18,MSFT,461.15
2026-02-18,NVDA,142.99
2026-02-18,AMZN,207.86
2026-02-18,GOOGL,365.56
2026-02-18,SPY,693.44
2026-02-18,TLT,90.96
2026-02-18,OAT34,99.18
2026-02-18,BUND35,96.16
2026-02-18,MC,604.2
2026-02-18,TTE,52.11
2026-02-18,AI,173.92
2026-02-18,MMF,1029.94
2026-02-18,BTC,86338.86
2026-02-18,ETH,3150.69
2026-02-18,SOL,132.54
2026-02-19,MSFT,457.79
2026-02-19,NVDA,142.69
2026-02-19,AMZN,211.29
2026-02-19,GOOGL,364.32
2026-02-19,SPY,701.1
2026-02-19,TLT,91.63
2026-02-19,OAT34,99.06
2026-02-19,BUND35,96.23
2026-02-19,MC,603.74
2026-02-19,TTE,51.5
2026-02-19,AI,170.76
2026-02-19,MMF,1030.35
2026-02-19,BTC,86802.22
2026-02-19,ETH,3140.41
2026-02-19,SOL,133.45
2026-02-20,MSFT,468.22
2026-02-20,NVDA,143.44
2026-02-20,AMZN,215.42
2026-02-20,GOOGL,366.92
2026-02-20,SPY,699.88
2026-02-20,TLT,91.12
2026-02-20,OAT34,98.83
2026-02-20,BUND35,95.77
2026-02-20,MC,618.56
2026-02-20,TTE,51.66
2026-02-20,AI,171.29
2026-02-20,MMF,1030.24
2026-02-20,BTC,90134.38
2026-02-20,ETH,3260.39
2026-02-20,SOL,141.86
2026-02-23,MSFT,466.39
2026-02-23,NVDA,143.99
2026-02-23,AMZN,214.28
2026-02-23,GOOGL,363.95
2026-02-23,SPY,697.94
2026-02-23,TLT,91.63
2026-02-23,OAT34,98.65
2026-02-23,BUND35,95.54
2026-02-23,MC,620.79
2026-02-23,TTE,52.01
2026-02-23,AI,169.25
2026-02-23,MMF,1030.49
2026-02-23,BTC,93146.47
2026-02-23,ETH,3268.7
2026-02-23,SOL,140.24
2026-02-24,MSFT,456.64
2026-02-24,NVDA,141.36
2026-02-24,AMZN,215.95
2026-02-24,GOOGL,358.91
2026-02-24,SPY,691.95
2026-02-24,TLT,91.24
2026-02-24,OAT34,98.33
2026-02-24,BUND35,95.67
2026-02-24,MC,608.68
2026-02-24,TTE,52.43
2026-02-24,AI,168.72
2026-02-24,MMF,1030.82
2026-02-24,BTC,89344.78
2026-02-24,ETH,3124.74
2026-02-24,SOL,143.18
2026-02-25,MSFT,466.1
2026-02-25,NVDA,145.62
2026-02-25,AMZN,223.72
2026-02-25,GOOGL,359.02
2026-02-25,SPY,695.33
2026-02-25,TLT,90.26
2026-02-25,OAT34,98.35
2026-02-25,BUND35,96.02
2026-02-25,MC,630.04
2026-02-25,TTE,52.59
2026-02-25,AI,170.2
2026-02-25,MMF,1030.78
2026-02-25,BTC,92049.77
2026-02-25,ETH,3234.87
2026-02-25,SOL,146.03
2026-02-26,MSFT,469.19
2026-02-26,NVDA,142.11
2026-02-26,AMZN,223.22
2026-02-26,GOOGL,360.02
2026-02-26,SPY,693.95
2026-02-26,TLT,90.42
2026-02-26,OAT34,98.28
2026-02-26,BUND35,96.37
2026-02-26,MC,629.09
2026-02-26,TTE,52.79
2026-02-26,AI,170.36
2026-02-26,MMF,1030.78
2026-02-26,BTC,92241.72
2026-02-26,ETH,3223.83
2026-02-26,SOL,131.44
2026-02-27,MSFT,451.46
2026-02-27,NVDA,138.29
2026-02-27,AMZN,218.37
2026-02-27,GOOGL,351.47
2026-02-27,SPY,677.25
2026-02-27,TLT,91.37
2026-02-27,OAT34,98.41
2026-02-27,BUND35,96.39
2026-02-27,MC,613.98
2026-02-27,TTE,51.15
2026-02-27,AI,164.92
2026-02-27,MMF,1030.76
2026-02-27,BTC,88165.0
2026-02-27,ETH,3111.43
2026-02-27,SOL,132.88
2026-03-02,MSFT,451.66
2026-03-02,NVDA,139.61
2026-03-02,AMZN,220.61
2026-03-02,GOOGL,349.22
2026-03-02,SPY,678.06
2026-03-02,TLT,90.98
2026-03-02,OAT34,98.07
2026-03-02,BUND35,96.16
2026-03-02,MC,613.68
2026-03-02,TTE,52.13
2026-03-02,AI,164.85
2026-03-02,MMF,1030.76
2026-03-02,BTC,87640.55
2026-03-02,ETH,3067.34
2026-03-02,SOL,120.95
2026-03-03,MSFT,457.9
2026-03-03,NVDA,142.39
2026-03-03,AMZN,227.18
2026-03-03,GOOGL,353.92
2026-03-03,SPY,685.77
2026-03-03,TLT,92.08
2026-03-03,OAT34,98.36
2026-03-03,BUND35,96.65
2026-03-03,MC,621.77
2026-03-03,TTE,52.03
2026-03-03,AI,168.41
2026-03-03,MMF,1031.27
2026-03-03,BTC,90053.95
2026-03-03,ETH,3092.77
2026-03-03,SOL,121.87
2026-03-04,MSFT,447.32
2026-03-04,NVDA,136.29
2026-03-04,AMZN,225.14
2026-03-04,GOOGL,349.34
2026-03-04,SPY,681.47
2026-03-04,TLT,93.04
2026-03-04,OAT34,98.37
2026-03-04,BUND35,96.09
2026-03-04,MC,620.76
2026-03-04,TTE,51.39
2026-03-04,AI,167.89
2026-03-04,MMF,1031.65
2026-03-04,BTC,89151.53
2026-03-04,ETH,2997.3
2026-03-04,SOL,119.76
2026-03-05,MSFT,438.11
2026-03-05,NVDA,129.8
2026-03-05,AMZN,223.18
2026-03-05,GOOGL,348.94
2026-03-05,SPY,680.23
2026-03-05,TLT,93.35
2026-03-05,OAT34,98.37
2026-03-05,BUND35,96.07
2026-03-05,MC,623.27
2026-03-05,TTE,50.48
2026-03-05,AI,166.97
2026-03-05,MMF,1031.52
2026-03-05,BTC,86881.65
2026-03-05,ETH,3031.87
2026-03-05,SOL,122.85
2026-03-06,MSFT,440.71
2026-03-06,NVDA,130.58
2026-03-06,AMZN,217.87
2026-03-06,GOOGL,350.49
2026-03-06,SPY,676.99
2026-03-06,TLT,93.71
2026-03-06,OAT34,97.9
2026-03-06,BUND35,96.11
2026-03-06,MC,621.04
2026-03-06,TTE,50.75
2026-03-06,AI,167.12
2026-03-06,MMF,1031.99
2026-03-06,BTC,84121.15
2026-03-06,ETH,3218.09
2026-03-06,SOL,116.5
2026-03-09,MSFT,449.6
2026-03-09,NVDA,132.61
2026-03-09,AMZN,213.83
2026-03-09,GOOGL,344.16
2026-03-09,SPY,686.06
2026-03-09,TLT,94.57
2026-03-09,OAT34,97.83
2026-03-09,BUND35,96.68
2026-03-09,MC,619.72
2026-03-09,TTE,50.48
2026-03-09,AI,166.5
2026-03-09,MMF,1031.82
2026-03-09,BTC,84946.58
2026-03-09,ETH,3372.87
2026-03-09,SOL,107.43
2026-03-10,MSFT,453.8
2026-03-10,NVDA,134.74
2026-03-10,AMZN,220.51
2026-03-10,GOOGL,356.12
2026-03-10,SPY,684.03
2026-03-10,TLT,94.06
2026-03-10,OAT34,97.66
2026-03-10,BUND35,96.78
2026-03-10,MC,628.5
2026-03-10,TTE,50.98
2026-03-10,AI,166.65
2026-03-10,MMF,1031.61
2026-03-10,BTC,89242.47
2026-03-10,ETH,3537.86
2026-03-10,SOL,111.34
2026-03-11,MSFT,455.72
2026-03-11,NVDA,134.95
2026-03-11,AMZN,219.74
2026-03-11,GOOGL,358.32
2026-03-11,SPY,692.09
2026-03-11,TLT,93.49
2026-03-11,OAT34,97.89
2026-03-11,BUND35,97.68
2026-03-11,MC,636.66
2026-03-11,TTE,52.46
2026-03-11,AI,165.71
2026-03-11,MMF,1031.68
2026-03-11,BTC,85460.87
2026-03-11,ETH,3645.03
2026-03-11,SOL,110.23
2026-03-12,MSFT,446.61
2026-03-12,NVDA,130.1
2026-03-12,AMZN,211.36
2026-03-12,GOOGL,347.3
2026-03-12,SPY,687.32
2026-03-12,TLT,93.03
2026-03-12,OAT34,97.71
2026-03-12,BUND35,98.34
2026-03-12,MC,628.54
2026-03-12,TTE,51.59
2026-03-12,AI,164.8
2026-03-12,MMF,1031.49
2026-03-12,BTC,84608.11
2026-03-12,ETH,3454.88
2026-03-12,SOL,109.0
2026-03-13,MSFT,444.42
2026-03-13,NVDA,133.61
2026-03-13,AMZN,212.25
2026-03-13,GOOGL,353.51
2026-03-13,SPY,693.33
2026-03-13,TLT,92.35
2026-03-13,OAT34,98.04
2026-03-13,BUND35,98.1
2026-03-13,MC,638.82
2026-03-13,TTE,51.41
2026-03-13,AI,167.51
2026-03-13,MMF,1031.67
2026-03-13,BTC,89106.95
2026-03-13,ETH,3731.7
2026-03-13,SOL,111.0
2026-03-16,MSFT,440.58
2026-03-16,NVDA,132.25
2026-03-16,AMZN,208.92
2026-03-16,GOOGL,353.93
2026-03-16,SPY,684.02
2026-03-16,TLT,91.84
2026-03-16,OAT34,97.84
2026-03-16,BUND35,98.02
2026-03-16,MC,627.72
2026-03-16,TTE,50.81
2026-03-16,AI,168.31
2026-03-16,MMF,1031.9
2026-03-16,BTC,88544.38
2026-03-16,ETH,3784.91
2026-03-16,SOL,99.77
2026-03-17,MSFT,444.15
2026-03-17,NVDA,131.87
2026-03-17,AMZN,211.43
2026-03-17,GOOGL,347.28
2026-03-17,SPY,696.53
2026-03-17,TLT,90.8
2026-03-17,OAT34,97.77
2026-03-17,BUND35,97.48
2026-03-17,MC,633.99
2026-03-17,TTE,51.06
2026-03-17,AI,168.94
2026-03-17,MMF,1032.08
2026-03-17,BTC,91111.81
2026-03-17,ETH,3912.79
2026-03-17,SOL,113.67
2026-03-18,MSFT,447.95
2026-03-18,NVDA,130.78
2026-03-18,AMZN,212.99
2026-03-18,GOOGL,350.07
2026-03-18,SPY,693.27
2026-03-18,TLT,92.13
2026-03-18,OAT34,97.96
2026-03-18,BUND35,97.62
2026-03-18,MC,638.63
2026-03-18,TTE,51.13
2026-03-18,AI,168.31
2026-03-18,MMF,1032.16
2026-03-18,BTC,86546.63
2026-03-18,ETH,4251.52
2026-03-18,SOL,116.07
2026-03-19,MSFT,456.65
2026-03-19,NVDA,134.06
2026-03-19,AMZN,213.97
2026-03-19,GOOGL,350.04
2026-03-19,SPY,681.35
2026-03-19,TLT,91.99
2026-03-19,OAT34,97.74
2026-03-19,BUND35,97.36
2026-03-19,MC,632.53
2026-03-19,TTE,50.52
2026-03-19,AI,170.24
2026-03-19,MMF,1032.53
2026-03-19,BTC,84546.57
2026-03-19,ETH,3997.23
2026-03-19,SOL,114.57
2026-03-20,MSFT,446.18
2026-03-20,NVDA,130.01
2026-03-20,AMZN,212.63
2026-03-20,GOOGL,352.69
2026-03-20,SPY,674.06
2026-03-20,TLT,90.57
2026-03-20,OAT34,97.42
2026-03-20,BUND35,97.43
2026-03-20,MC,633.96
2026-03-20,TTE,50.12
2026-03-20,AI,169.41
2026-03-20,MMF,1032.71
2026-03-20,BTC,81282.88
2026-03-20,ETH,3824.77
2026-03-20,SOL,105.66
2026-03-23,MSFT,463.14
2026-03-23,NVDA,133.58
2026-03-23,AMZN,219.09
2026-03-23,GOOGL,366.4
2026-03-23,SPY,680.05
2026-03-23,TLT,90.59
2026-03-23,OAT34,97.15
2026-03-23,BUND35,97.67
2026-03-23,MC,642.11
2026-03-23,TTE,50.67
2026-03-23,AI,174.5
2026-03-23,MMF,1032.75
2026-03-23,BTC,86216.36
2026-03-23,ETH,3756.71
2026-03-23,SOL,110.38
2026-03-24,MSFT,464.07
2026-03-24,NVDA,136.1
2026-03-24,AMZN,221.17
2026-03-24,GOOGL,372.44
2026-03-24,SPY,681.07
2026-03-24,TLT,90.22
2026-03-24,OAT34,97.16
2026-03-24,BUND35,97.88
2026-03-24,MC,643.88
2026-03-24,TTE,50.93
2026-03-24,AI,174.11
2026-03-24,MMF,1033.52
2026-03-24,BTC,85741.65
2026-03-24,ETH,3854.91
2026-03-24,SOL,116.53
2026-03-25,MSFT,469.4
2026-03-25,NVDA,143.72
2026-03-25,AMZN,230.18
2026-03-25,GOOGL,373.65
2026-03-25,SPY,677.74
2026-03-25,TLT,89.36
2026-03-25,OAT34,97.67
2026-03-25,BUND35,98.04
2026-03-25,MC,651.43
2026-03-25,TTE,51.37
2026-03-25,AI,175.5
2026-03-25,MMF,1033.52
2026-03-25,BTC,91294.7
2026-03-25,ETH,4026.96
2026-03-25,SOL,121.68
2026-03-26,MSFT,470.35
2026-03-26,NVDA,136.95
2026-03-26,AMZN,229.34
2026-03-26,GOOGL,362.76
2026-03-26,SPY,676.46
2026-03-26,TLT,89.4
2026-03-26,OAT34,97.54
2026-03-26,BUND35,98.08
2026-03-26,MC,645.88
2026-03-26,TTE,51.09
2026-03-26,AI,176.49
2026-03-26,MMF,1033.35
2026-03-26,BTC,89848.84
2026-03-26,ETH,3858.47
2026-03-26,SOL,109.53
2026-03-27,MSFT,472.83
2026-03-27,NVDA,133.47
2026-03-27,AMZN,238.69
2026-03-27,GOOGL,379.17
2026-03-27,SPY,680.66
2026-03-27,TLT,89.5
2026-03-27,OAT34,97.26
2026-03-27,BUND35,98.03
2026-03-27,MC,652.26
2026-03-27,TTE,51.5
2026-03-27,AI,178.73
2026-03-27,MMF,1033.54
2026-03-27,BTC,91884.03
2026-03-27,ETH,3937.37
2026-03-27,SOL,106.84
2026-03-30,MSFT,466.44
2026-03-30,NVDA,136.42
2026-03-30,AMZN,236.88
2026-03-30,GOOGL,384.73
2026-03-30,SPY,675.68
2026-03-30,TLT,88.02
2026-03-30,OAT34,97.88
2026-03-30,BUND35,97.97
2026-03-30,MC,650.62
2026-03-30,TTE,50.81
2026-03-30,AI,178.99
2026-03-30,MMF,1033.97
2026-03-30,BTC,87063.94
2026-03-30,ETH,3753.32
2026-03-30,SOL,112.54
2026-03-31,MSFT,472.89
2026-03-31,NVDA,141.47
2026-03-31,AMZN,231.72
2026-03-31,GOOGL,387.39
2026-03-31,SPY,678.44
2026-03-31,TLT,88.1
2026-03-31,OAT34,97.91
2026-03-31,BUND35,97.75
2026-03-31,MC,661.95
2026-03-31,TTE,51.63
2026-03-31,AI,179.35
2026-03-31,MMF,1034.0
2026-03-31,BTC,88254.29
2026-03-31,ETH,3561.2
2026-03-31,SOL,116.97
2026-04-01,MSFT,475.24
2026-04-01,NVDA,139.63
2026-04-01,AMZN,235.62
2026-04-01,GOOGL,398.8
2026-04-01,SPY,681.67
2026-04-01,TLT,87.48
2026-04-01,OAT34,97.65
2026-04-01,BUND35,97.68
2026-04-01,MC,664.07
2026-04-01,TTE,51.75
2026-04-01,AI,181.26
2026-04-01,MMF,1034.09
2026-04-01,BTC,91407.94
2026-04-01,ETH,3590.14
2026-04-01,SOL,120.68
2026-04-02,MSFT,472.7
2026-04-02,NVDA,138.04
2026-04-02,AMZN,235.56
2026-04-02,GOOGL,387.8
2026-04-02,SPY,679.61
2026-04-02,TLT,87.72
2026-04-02,OAT34,97.25
2026-04-02,BUND35,97.72
2026-04-02,MC,653.3
2026-04-02,TTE,51.64
2026-04-02,AI,180.04
2026-04-02,MMF,1034.42
2026-04-02,BTC,89332.11
2026-04-02,ETH,3522.25
2026-04-02,SOL,123.79
2026-04-03,MSFT,476.55
2026-04-03,NVDA,138.41
2026-04-03,AMZN,232.98
2026-04-03,GOOGL,379.29
2026-04-03,SPY,683.31
2026-04-03,TLT,87.75
2026-04-03,OAT34,97.24
2026-04-03,BUND35,97.89
2026-04-03,MC,657.15
2026-04-03,TTE,51.01
2026-04-03,AI,180.08
2026-04-03,MMF,1034.8
2026-04-03,BTC,90217.33
2026-04-03,ETH,3653.46
2026-04-03,SOL,126.16
2026-04-06,MSFT,480.86
2026-04-06,NVDA,140.43
2026-04-06,AMZN,239.25
2026-04-06,GOOGL,380.5
2026-04-06,SPY,683.54
2026-04-06,TLT,87.76
2026-04-06,OAT34,97.19
2026-04-06,BUND35,97.76
2026-04-06,MC,648.4
2026-04-06,TTE,51.4
2026-04-06,AI,179.43
2026-04-06,MMF,1035.37
2026-04-06,BTC,91875.13
2026-04-06,ETH,3494.51
2026-04-06,SOL,125.19
2026-04-07,MSFT,481.02
2026-04-07,NVDA,137.93
2026-04-07,AMZN,237.08
2026-04-07,GOOGL,374.77
2026-04-07,SPY,690.39
2026-04-07,TLT,87.65
2026-04-07,OAT34,97.46
2026-04-07,BUND35,97.65
2026-04-07,MC,647.55
2026-04-07,TTE,51.75
2026-04-07,AI,181.81
2026-04-07,MMF,1035.26
2026-04-07,BTC,94599.88
2026-04-07,ETH,3453.43
2026-04-07,SOL,126.35
2026-04-08,MSFT,491.03
2026-04-08,NVDA,136.62
2026-04-08,AMZN,235.91
2026-04-08,GOOGL,378.49
2026-04-08,SPY,691.27
2026-04-08,TLT,87.33
2026-04-08,OAT34,97.6
2026-04-08,BUND35,97.89
2026-04-08,MC,653.39
2026-04-08,TTE,51.94
2026-04-08,AI,183.26
2026-04-08,MMF,1034.66
2026-04-08,BTC,97264.56
2026-04-08,ETH,3445.32
2026-04-08,SOL,128.28
2026-04-09,MSFT,494.39
2026-04-09,NVDA,135.61
2026-04-09,AMZN,234.24
2026-04-09,GOOGL,376.64
2026-04-09,SPY,691.22
2026-04-09,TLT,86.85
2026-04-09,OAT34,97.42
2026-04-09,BUND35,97.5
2026-04-09,MC,661.18
2026-04-09,TTE,51.6
2026-04-09,AI,182.37
2026-04-09,MMF,1034.74
2026-04-09,BTC,98691.25
2026-04-09,ETH,3451.77
2026-04-09,SOL,123.89
2026-04-10,MSFT,483.82
2026-04-10,NVDA,132.9
2026-04-10,AMZN,237.26
2026-04-10,GOOGL,371.24
2026-04-10,SPY,683.04
2026-04-10,TLT,86.16
2026-04-10,OAT34,97.69
2026-04-10,BUND35,97.45
2026-04-10,MC,656.55
2026-04-10,TTE,51.78
2026-04-10,AI,181.91
2026-04-10,MMF,1035.7
2026-04-10,BTC,96929.53
2026-04-10,ETH,3423.35
2026-04-10,SOL,121.45
2026-04-13,MSFT,477.53
2026-04-13,NVDA,133.56
2026-04-13,AMZN,235.19
2026-04-13,GOOGL,370.25
2026-04-13,SPY,683.38
2026-04-13,TLT,86.42
2026-04-13,OAT34,97.06
2026-04-13,BUND35,97.7
2026-04-13,MC,666.67
2026-04-13,TTE,51.57
2026-04-13,AI,181.45
2026-04-13,MMF,1036.29
2026-04-13,BTC,97267.18
2026-04-13,ETH,3648.46
2026-04-13,SOL,125.38
2026-04-14,MSFT,469.48
2026-04-14,NVDA,136.89
2026-04-14,AMZN,230.43
2026-04-14,GOOGL,375.55
2026-04-14,SPY,677.91
2026-04-14,TLT,86.83
2026-04-14,OAT34,97.24
2026-04-14,BUND35,97.12
2026-04-14,MC,672.82
2026-04-14,TTE,50.94
2026-04-14,AI,181.34
2026-04-14,MMF,1036.3
2026-04-14,BTC,94356.19
2026-04-14,ETH,3468.2
2026-04-14,SOL,131.59
2026-04-15,MSFT,473.46
2026-04-15,NVDA,141.04
2026-04-15,AMZN,237.85
2026-04-15,GOOGL,389.21
2026-04-15,SPY,678.72
2026-04-15,TLT,86.7
2026-04-15,OAT34,97.42
2026-04-15,BUND35,96.58
2026-04-15,MC,673.88
2026-04-15,TTE,50.67
2026-04-15,AI,185.64
2026-04-15,MMF,1036.56
2026-04-15,BTC,93729.77
2026-04-15,ETH,3663.7
2026-04-15,SOL,140.25
2026-04-16,MSFT,459.04
2026-04-16,NVDA,139.59
2026-04-16,AMZN,230.5
2026-04-16,GOOGL,387.21
2026-04-16,SPY,677.23
2026-04-16,TLT,86.34
2026-04-16,OAT34,97.32
2026-04-16,BUND35,96.77
2026-04-16,MC,657.21
2026-04-16,TTE,49.82
2026-04-16,AI,183.74
2026-04-16,MMF,1036.67
2026-04-16,BTC,97253.3
2026-04-16,ETH,3531.52
2026-04-16,SOL,130.83
2026-04-17,MSFT,449.87
2026-04-17,NVDA,135.25
2026-04-17,AMZN,224.03
2026-04-17,GOOGL,376.19
2026-04-17,SPY,666.49
2026-04-17,TLT,86.66
2026-04-17,OAT34,97.5
2026-04-17,BUND35,96.38
2026-04-17,MC,653.15
2026-04-17,TTE,49.44
2026-04-17,AI,181.84
2026-04-17,MMF,1036.6
2026-04-17,BTC,98086.94
2026-04-17,ETH,3514.17
2026-04-17,SOL,127.66
2026-04-20,MSFT,448.72
2026-04-20,NVDA,133.47
2026-04-20,AMZN,220.75
2026-04-20,GOOGL,373.87
2026-04-20,SPY,661.11
2026-04-20,TLT,86.91
2026-04-20,OAT34,97.59
2026-04-20,BUND35,95.9
2026-04-20,MC,645.59
2026-04-20,TTE,49.74
2026-04-20,AI,180.53
2026-04-20,MMF,1036.69
2026-04-20,BTC,96863.8
2026-04-20,ETH,3522.0
2026-04-20,SOL,124.33
2026-04-21,MSFT,456.43
2026-04-21,NVDA,135.21
2026-04-21,AMZN,219.88
2026-04-21,GOOGL,374.79
2026-04-21,SPY,668.43
2026-04-21,TLT,86.78
2026-04-21,OAT34,97.53
2026-04-21,BUND35,95.97
2026-04-21,MC,636.54
2026-04-21,TTE,49.9
2026-04-21,AI,183.38
2026-04-21,MMF,1037.35
2026-04-21,BTC,95190.68
2026-04-21,ETH,3444.6
2026-04-21,SOL,127.77
2026-04-22,MSFT,460.61
2026-04-22,NVDA,141.76
2026-04-22,AMZN,224.23
2026-04-22,GOOGL,379.78
2026-04-22,SPY,669.81
2026-04-22,TLT,87.88
2026-04-22,OAT34,97.73
2026-04-22,BUND35,96.22
2026-04-22,MC,650.67
2026-04-22,TTE,51.3
2026-04-22,AI,185.27
2026-04-22,MMF,1037.04
2026-04-22,BTC,98826.73
2026-04-22,ETH,3849.71
2026-04-22,SOL,143.09
2026-04-23,MSFT,453.3
2026-04-23,NVDA,141.91
2026-04-23,AMZN,224.52
2026-04-23,GOOGL,371.69
2026-04-23,SPY,676.83
2026-04-23,TLT,88.11
2026-04-23,OAT34,97.79
2026-04-23,BUND35,96.13
2026-04-23,MC,635.14
2026-04-23,TTE,50.19
2026-04-23,AI,183.34
2026-04-23,MMF,1036.97
2026-04-23,BTC,100647.8
2026-04-23,ETH,3692.86
2026-04-23,SOL,141.94
2026-04-24,MSFT,454.82
2026-04-24,NVDA,140.03
2026-04-24,AMZN,223.57
2026-04-24,GOOGL,375.9
2026-04-24,SPY,670.72
2026-04-24,TLT,88.5
2026-04-24,OAT34,97.97
2026-04-24,BUND35,96.04
2026-04-24,MC,624.93
2026-04-24,TTE,50.04
2026-04-24,AI,183.13
2026-04-24,MMF,1036.78
2026-04-24,BTC,98154.07
2026-04-24,ETH,3687.11
2026-04-24,SOL,141.48
2026-04-27,MSFT,458.08
2026-04-27,NVDA,141.14
2026-04-27,AMZN,224.8
2026-04-27,GOOGL,392.07
2026-04-27,SPY,677.83
2026-04-27,TLT,89.12
2026-04-27,OAT34,98.29
2026-04-27,BUND35,95.77
2026-04-27,MC,625.67
2026-04-27,TTE,51.4
2026-04-27,AI,183.64
2026-04-27,MMF,1036.49
2026-04-27,BTC,97437.01
2026-04-27,ETH,3775.34
2026-04-27,SOL,144.5
2026-04-28,MSFT,455.36
2026-04-28,NVDA,141.9
2026-04-28,AMZN,218.73
2026-04-28,GOOGL,392.78
2026-04-28,SPY,669.4
2026-04-28,TLT,89.48
2026-04-28,OAT34,98.22
2026-04-28,BUND35,96.26
2026-04-28,MC,617.01
2026-04-28,TTE,50.98
2026-04-28,AI,181.43
2026-04-28,MMF,1036.6
2026-04-28,BTC,93833.12
2026-04-28,ETH,3769.9
2026-04-28,SOL,151.31
2026-04-29,MSFT,462.95
2026-04-29,NVDA,144.6
2026-04-29,AMZN,223.06
2026-04-29,GOOGL,398.8
2026-04-29,SPY,678.01
2026-04-29,TLT,88.65
2026-04-29,OAT34,97.39
2026-04-29,BUND35,96.04
2026-04-29,MC,644.84
2026-04-29,TTE,51.28
2026-04-29,AI,185.04
2026-04-29,MMF,1036.57
2026-04-29,BTC,95804.65
2026-04-29,ETH,3769.16
2026-04-29,SOL,157.65
2026-04-30,MSFT,465.17
2026-04-30,NVDA,148.13
2026-04-30,AMZN,228.19
2026-04-30,GOOGL,404.22
2026-04-30,SPY,678.34
2026-04-30,TLT,90.23
2026-04-30,OAT34,97.4
2026-04-30,BUND35,95.84
2026-04-30,MC,674.94
2026-04-30,TTE,51.74
2026-04-30,AI,188.66
2026-04-30,MMF,1036.95
2026-04-30,BTC,95620.68
2026-04-30,ETH,3929.71
2026-04-30,SOL,147.92
2026-05-01,MSFT,479.33
2026-05-01,NVDA,152.49
2026-05-01,AMZN,230.21
2026-05-01,GOOGL,413.82
2026-05-01,SPY,686.88
2026-05-01,TLT,88.82
2026-05-01,OAT34,97.26
2026-05-01,BUND35,96.26
2026-05-01,MC,669.79
2026-05-01,TTE,53.28
2026-05-01,AI,188.07
2026-05-01,MMF,1036.84
2026-05-01,BTC,98126.89
2026-05-01,ETH,3877.4
2026-05-01,SOL,147.78
2026-05-04,MSFT,488.57
2026-05-04,NVDA,159.69
2026-05-04,AMZN,240.87
2026-05-04,GOOGL,419.03
2026-05-04,SPY,698.21
2026-05-04,TLT,87.94
2026-05-04,OAT34,97.62
2026-05-04,BUND35,96.85
2026-05-04,MC,686.95
2026-05-04,TTE,54.18
2026-05-04,AI,188.95
2026-05-04,MMF,1037.13
2026-05-04,BTC,105473.07
2026-05-04,ETH,4044.22
2026-05-04,SOL,149.51
2026-05-05,MSFT,494.0
2026-05-05,NVDA,162.59
2026-05-05,AMZN,236.16
2026-05-05,GOOGL,419.63
2026-05-05,SPY,691.16
2026-05-05,TLT,87.7
2026-05-05,OAT34,97.96
2026-05-05,BUND35,96.74
2026-05-05,MC,680.58
2026-05-05,TTE,55.2
2026-05-05,AI,189.22
2026-05-05,MMF,1037.02
2026-05-05,BTC,109878.5
2026-05-05,ETH,3956.37
2026-05-05,SOL,154.03
2026-05-06,MSFT,492.65
2026-05-06,NVDA,163.27
2026-05-06,AMZN,226.95
2026-05-06,GOOGL,414.09
2026-05-06,SPY,691.46
2026-05-06,TLT,88.22
2026-05-06,OAT34,98.16
2026-05-06,BUND35,96.81
2026-05-06,MC,669.69
2026-05-06,TTE,55.28
2026-05-06,AI,187.85
2026-05-06,MMF,1037.55
2026-05-06,BTC,104519.76
2026-05-06,ETH,3999.67
2026-05-06,SOL,153.01
2026-05-07,MSFT,498.12
2026-05-07,NVDA,171.56
2026-05-07,AMZN,230.71
2026-05-07,GOOGL,431.26
2026-05-07,SPY,702.4
2026-05-07,TLT,87.74
2026-05-07,OAT34,98.33
2026-05-07,BUND35,96.89
2026-05-07,MC,687.28
2026-05-07,TTE,56.15
2026-05-07,AI,187.39
2026-05-07,MMF,1037.13
2026-05-07,BTC,106888.49
2026-05-07,ETH,3868.34
2026-05-07,SOL,158.77
2026-05-08,MSFT,493.45
2026-05-08,NVDA,175.3
2026-05-08,AMZN,235.86
2026-05-08,GOOGL,445.16
2026-05-08,SPY,705.21
2026-05-08,TLT,87.18
2026-05-08,OAT34,98.52
2026-05-08,BUND35,96.78
2026-05-08,MC,688.0
2026-05-08,TTE,57.01
2026-05-08,AI,188.73
2026-05-08,MMF,1037.46
2026-05-08,BTC,108642.78
2026-05-08,ETH,3859.92
2026-05-08,SOL,153.56
2026-05-11,MSFT,507.0
2026-05-11,NVDA,183.18
2026-05-11,AMZN,240.48
2026-05-11,GOOGL,456.62
2026-05-11,SPY,715.27
2026-05-11,TLT,86.56
2026-05-11,OAT34,98.13
2026-05-11,BUND35,96.83
2026-05-11,MC,684.46
2026-05-11,TTE,58.26
2026-05-11,AI,190.84
2026-05-11,MMF,1037.36
2026-05-11,BTC,111443.01
2026-05-11,ETH,4123.96
2026-05-11,SOL,162.29
2026-05-12,MSFT,515.53
2026-05-12,NVDA,179.87
2026-05-12,AMZN,240.91
2026-05-12,GOOGL,460.37
2026-05-12,SPY,713.99
2026-05-12,TLT,86.39
2026-05-12,OAT34,98.03
2026-05-12,BUND35,96.88
2026-05-12,MC,669.67
2026-05-12,TTE,59.52
2026-05-12,AI,191.1
2026-05-12,MMF,1037.59
2026-05-12,BTC,111928.14
2026-05-12,ETH,3946.33
2026-05-12,SOL,166.34
2026-05-13,MSFT,507.16
2026-05-13,NVDA,180.01
2026-05-13,AMZN,235.64
2026-05-13,GOOGL,451.05
2026-05-13,SPY,703.64
2026-05-13,TLT,85.44
2026-05-13,OAT34,97.85
2026-05-13,BUND35,96.74
2026-05-13,MC,660.01
2026-05-13,TTE,59.18
2026-05-13,AI,188.88
2026-05-13,MMF,1037.54
2026-05-13,BTC,110357.94
2026-05-13,ETH,3716.41
2026-05-13,SOL,176.4
2026-05-14,MSFT,504.53
2026-05-14,NVDA,181.62
2026-05-14,AMZN,232.83
2026-05-14,GOOGL,453.38
2026-05-14,SPY,697.67
2026-05-14,TLT,84.01
2026-05-14,OAT34,97.96
2026-05-14,BUND35,96.78
2026-05-14,MC,657.55
2026-05-14,TTE,58.26
2026-05-14,AI,187.94
2026-05-14,MMF,1037.65
2026-05-14,BTC,108980.71
2026-05-14,ETH,3849.37
2026-05-14,SOL,178.41
2026-05-15,MSFT,500.66
2026-05-15,NVDA,175.17
2026-05-15,AMZN,234.15
2026-05-15,GOOGL,456.91
2026-05-15,SPY,691.53
2026-05-15,TLT,84.19
2026-05-15,OAT34,97.73
2026-05-15,BUND35,96.76
2026-05-15,MC,653.56
2026-05-15,TTE,58.67
2026-05-15,AI,185.25
2026-05-15,MMF,1037.4
2026-05-15,BTC,115187.39
2026-05-15,ETH,3730.86
2026-05-15,SOL,190.9
2026-05-18,MSFT,499.65
2026-05-18,NVDA,166.66
2026-05-18,AMZN,235.02
2026-05-18,GOOGL,441.07
2026-05-18,SPY,688.16
2026-05-18,TLT,84.01
2026-05-18,OAT34,97.74
2026-05-18,BUND35,96.9
2026-05-18,MC,640.47
2026-05-18,TTE,58.36
2026-05-18,AI,182.9
2026-05-18,MMF,1037.04
2026-05-18,BTC,110226.01
2026-05-18,ETH,3565.98
2026-05-18,SOL,193.21
2026-05-19,MSFT,492.17
2026-05-19,NVDA,171.04
2026-05-19,AMZN,237.35
2026-05-19,GOOGL,445.17
2026-05-19,SPY,688.6
2026-05-19,TLT,83.17
2026-05-19,OAT34,98.0
2026-05-19,BUND35,97.22
2026-05-19,MC,647.75
2026-05-19,TTE,59.26
2026-05-19,AI,179.31
2026-05-19,MMF,1036.89
2026-05-19,BTC,106619.59
2026-05-19,ETH,3338.21
2026-05-19,SOL,181.05
2026-05-20,MSFT,492.94
2026-05-20,NVDA,176.46
2026-05-20,AMZN,241.29
2026-05-20,GOOGL,454.35
2026-05-20,SPY,692.23
2026-05-20,TLT,83.31
2026-05-20,OAT34,98.04
2026-05-20,BUND35,97.61
2026-05-20,MC,650.4
2026-05-20,TTE,60.34
2026-05-20,AI,180.61
2026-05-20,MMF,1037.47
2026-05-20,BTC,109698.77
2026-05-20,ETH,3395.58
2026-05-20,SOL,178.93
2026-05-21,MSFT,495.09
2026-05-21,NVDA,175.61
2026-05-21,AMZN,237.66
2026-05-21,GOOGL,452.7
2026-05-21,SPY,683.47
2026-05-21,TLT,83.56
2026-05-21,OAT34,97.55
2026-05-21,BUND35,97.72
2026-05-21,MC,655.54
2026-05-21,TTE,60.67
2026-05-21,AI,180.49
2026-05-21,MMF,1037.48
2026-05-21,BTC,108670.71
2026-05-21,ETH,3504.06
2026-05-21,SOL,178.37
2026-05-22,MSFT,489.53
2026-05-22,NVDA,171.51
2026-05-22,AMZN,231.01
2026-05-22,GOOGL,436.18
2026-05-22,SPY,670.94
2026-05-22,TLT,82.49
2026-05-22,OAT34,96.85
2026-05-22,BUND35,97.72
2026-05-22,MC,634.47
2026-05-22,TTE,59.89
2026-05-22,AI,177.25
2026-05-22,MMF,1037.58
2026-05-22,BTC,106855.21
2026-05-22,ETH,3410.49
2026-05-22,SOL,148.08
2026-05-25,MSFT,471.14
2026-05-25,NVDA,170.22
2026-05-25,AMZN,225.08
2026-05-25,GOOGL,427.68
2026-05-25,SPY,658.02
2026-05-25,TLT,82.58
2026-05-25,OAT34,96.58
2026-05-25,BUND35,97.66
2026-05-25,MC,624.1
2026-05-25,TTE,58.66
2026-05-25,AI,174.74
2026-05-25,MMF,1038.12
2026-05-25,BTC,101848.92
2026-05-25,ETH,3360.65
2026-05-25,SOL,132.1
2026-05-26,MSFT,479.59
2026-05-26,NVDA,165.95
2026-05-26,AMZN,229.43
2026-05-26,GOOGL,423.34
2026-05-26,SPY,660.6
2026-05-26,TLT,82.83
2026-05-26,OAT34,96.19
2026-05-26,BUND35,97.57
2026-05-26,MC,637.67
2026-05-26,TTE,58.36
2026-05-26,AI,174.38
2026-05-26,MMF,1038.3
2026-05-26,BTC,101937.01
2026-05-26,ETH,3150.91
2026-05-26,SOL,137.18
2026-05-27,MSFT,473.93
2026-05-27,NVDA,165.05
2026-05-27,AMZN,231.62
2026-05-27,GOOGL,423.92
2026-05-27,SPY,653.83
2026-05-27,TLT,83.4
2026-05-27,OAT34,96.78
2026-05-27,BUND35,97.11
2026-05-27,MC,627.19
2026-05-27,TTE,58.15
2026-05-27,AI,175.71
2026-05-27,MMF,1037.87
2026-05-27,BTC,101612.84
2026-05-27,ETH,3035.3
2026-05-27,SOL,144.81
2026-05-28,MSFT,471.0
2026-05-28,NVDA,161.46
2026-05-28,AMZN,232.17
2026-05-28,GOOGL,420.34
2026-05-28,SPY,650.11
2026-05-28,TLT,83.74
2026-05-28,OAT34,96.78
2026-05-28,BUND35,96.96
2026-05-28,MC,621.71
2026-05-28,TTE,57.98
2026-05-28,AI,174.14
2026-05-28,MMF,1037.71
2026-05-28,BTC,100741.62
2026-05-28,ETH,3179.4
2026-05-28,SOL,147.53
2026-05-29,MSFT,474.78
2026-05-29,NVDA,162.55
2026-05-29,AMZN,241.96
2026-05-29,GOOGL,424.7
2026-05-29,SPY,658.16
2026-05-29,TLT,83.87
2026-05-29,OAT34,96.66
2026-05-29,BUND35,97.27
2026-05-29,MC,644.91
2026-05-29,TTE,59.37
2026-05-29,AI,174.68
2026-05-29,MMF,1037.57
2026-05-29,BTC,101272.99
2026-05-29,ETH,2953.75
2026-05-29,SOL,160.27
2026-06-01,MSFT,472.07
2026-06-01,NVDA,165.79
2026-06-01,AMZN,240.81
2026-06-01,GOOGL,421.29
2026-06-01,SPY,654.16
2026-06-01,TLT,84.14
2026-06-01,OAT34,96.35
2026-06-01,BUND35,97.66
2026-06-01,MC,644.13
2026-06-01,TTE,60.54
2026-06-01,AI,175.63
2026-06-01,MMF,1037.77
2026-06-01,BTC,103458.63
2026-06-01,ETH,2974.42
2026-06-01,SOL,156.3
2026-06-02,MSFT,475.02
2026-06-02,NVDA,162.36
2026-06-02,AMZN,251.04
2026-06-02,GOOGL,418.91
2026-06-02,SPY,653.58
2026-06-02,TLT,84.37
2026-06-02,OAT34,96.3
2026-06-02,BUND35,97.82
2026-06-02,MC,664.03
2026-06-02,TTE,60.78
2026-06-02,AI,176.53
2026-06-02,MMF,1038.0
2026-06-02,BTC,104453.71
2026-06-02,ETH,2946.34
2026-06-02,SOL,154.07
2026-06-03,MSFT,480.1
2026-06-03,NVDA,166.71
2026-06-03,AMZN,250.75
2026-06-03,GOOGL,415.78
2026-06-03,SPY,651.24
2026-06-03,TLT,84.09
2026-06-03,OAT34,96.27
2026-06-03,BUND35,98.11
2026-06-03,MC,661.86
2026-06-03,TTE,61.31
2026-06-03,AI,177.9
2026-06-03,MMF,1037.89
2026-06-03,BTC,104416.85
2026-06-03,ETH,2934.72
2026-06-03,SOL,149.43
2026-06-04,MSFT,483.55
2026-06-04,NVDA,160.78
2026-06-04,AMZN,251.54
2026-06-04,GOOGL,424.79
2026-06-04,SPY,652.11
2026-06-04,TLT,83.89
2026-06-04,OAT34,96.25
2026-06-04,BUND35,97.98
2026-06-04,MC,643.65
2026-06-04,TTE,61.34
2026-06-04,AI,176.5
2026-06-04,MMF,1037.65
2026-06-04,BTC,99922.19
2026-06-04,ETH,2628.71
2026-06-04,SOL,143.03
2026-06-05,MSFT,484.75
2026-06-05,NVDA,160.96
2026-06-05,AMZN,252.98
2026-06-05,GOOGL,434.42
2026-06-05,SPY,663.95
2026-06-05,TLT,82.93
2026-06-05,OAT34,96.07
2026-06-05,BUND35,98.03
2026-06-05,MC,658.46
2026-06-05,TTE,61.19
2026-06-05,AI,178.25
2026-06-05,MMF,1037.66
2026-06-05,BTC,104570.66
2026-06-05,ETH,2451.8
2026-06-05,SOL,139.54
2026-06-08,MSFT,484.16
2026-06-08,NVDA,161.57
2026-06-08,AMZN,254.68
2026-06-08,GOOGL,440.53
2026-06-08,SPY,660.59
2026-06-08,TLT,81.74
2026-06-08,OAT34,96.16
2026-06-08,BUND35,98.18
2026-06-08,MC,677.87
2026-06-08,TTE,61.37
2026-06-08,AI,179.19
2026-06-08,MMF,1037.8
2026-06-08,BTC,101299.23
2026-06-08,ETH,2385.98
2026-06-08,SOL,133.39
2026-06-09,MSFT,487.74
2026-06-09,NVDA,163.54
2026-06-09,AMZN,259.8
2026-06-09,GOOGL,440.63
2026-06-09,SPY,666.24
2026-06-09,TLT,82.57
2026-06-09,OAT34,95.77
2026-06-09,BUND35,98.22
2026-06-09,MC,665.73
2026-06-09,TTE,61.42
2026-06-09,AI,182.16
2026-06-09,MMF,1037.83
2026-06-09,BTC,99786.81
2026-06-09,ETH,2605.74
2026-06-09,SOL,148.06
2026-06-10,MSFT,473.6
2026-06-10,NVDA,162.03
2026-06-10,AMZN,257.63
2026-06-10,GOOGL,443.66
2026-06-10,SPY,659.11
2026-06-10,TLT,83.21
2026-06-10,OAT34,95.81
2026-06-10,BUND35,97.88
2026-06-10,MC,644.56
2026-06-10,TTE,60.48
2026-06-10,AI,181.1
2026-06-10,MMF,1037.37
2026-06-10,BTC,99057.28
2026-06-10,ETH,2567.04
2026-06-10,SOL,141.83
2026-06-11,MSFT,471.33
2026-06-11,NVDA,160.1
2026-06-11,AMZN,254.76
2026-06-11,GOOGL,448.05
2026-06-11,SPY,665.93
2026-06-11,TLT,84.3
2026-06-11,OAT34,96.16
2026-06-11,BUND35,97.77
2026-06-11,MC,643.57
2026-06-11,TTE,59.86
2026-06-11,AI,182.24
2026-06-11,MMF,1037.85
2026-06-11,BTC,95206.83
2026-06-11,ETH,2500.95
2026-06-11,SOL,135.5
2026-06-12,MSFT,466.24
2026-06-12,NVDA,155.46
2026-06-12,AMZN,252.13
2026-06-12,GOOGL,445.88
2026-06-12,SPY,663.58
2026-06-12,TLT,83.96
2026-06-12,OAT34,96.23
2026-06-12,BUND35,97.76
2026-06-12,MC,641.41
2026-06-12,TTE,59.59
2026-06-12,AI,181.57
2026-06-12,MMF,1037.78
2026-06-12,BTC,94893.46
2026-06-12,ETH,2567.63
2026-06-12,SOL,130.42
2026-06-15,MSFT,465.07
2026-06-15,NVDA,154.37
2026-06-15,AMZN,255.65
2026-06-15,GOOGL,436.06
2026-06-15,SPY,667.98
2026-06-15,TLT,83.12
2026-06-15,OAT34,96.39
2026-06-15,BUND35,97.55
2026-06-15,MC,652.86
2026-06-15,TTE,59.81
2026-06-15,AI,183.81
2026-06-15,MMF,1038.06
2026-06-15,BTC,92654.6
2026-06-15,ETH,2736.22
2026-06-15,SOL,133.78
2026-06-16,MSFT,469.02
2026-06-16,NVDA,151.02
2026-06-16,AMZN,254.66
2026-06-16,GOOGL,435.7
2026-06-16,SPY,669.96
2026-06-16,TLT,83.31
2026-06-16,OAT34,96.12
2026-06-16,BUND35,97.95
2026-06-16,MC,653.77
2026-06-16,TTE,60.66
2026-06-16,AI,186.39
2026-06-16,MMF,1038.22
2026-06-16,BTC,92952.48
2026-06-16,ETH,2763.7
2026-06-16,SOL,135.2
2026-06-17,MSFT,479.27
2026-06-17,NVDA,151.67
2026-06-17,AMZN,256.69
2026-06-17,GOOGL,441.83
2026-06-17,SPY,676.53
2026-06-17,TLT,83.4
2026-06-17,OAT34,95.32
2026-06-17,BUND35,97.9
2026-06-17,MC,660.67
2026-06-17,TTE,62.8
2026-06-17,AI,186.63
2026-06-17,MMF,1038.63
2026-06-17,BTC,92985.12
2026-06-17,ETH,2746.25
2026-06-17,SOL,135.11
2026-06-18,MSFT,471.1
2026-06-18,NVDA,146.29
2026-06-18,AMZN,251.67
2026-06-18,GOOGL,434.69
2026-06-18,SPY,664.42
2026-06-18,TLT,83.65
2026-06-18,OAT34,94.74
2026-06-18,BUND35,97.61
2026-06-18,MC,665.36
2026-06-18,TTE,61.52
2026-06-18,AI,184.13
2026-06-18,MMF,1039.25
2026-06-18,BTC,89689.39
2026-06-18,ETH,2673.27
2026-06-18,SOL,121.26
2026-06-19,MSFT,469.13
2026-06-19,NVDA,145.59
2026-06-19,AMZN,248.19
2026-06-19,GOOGL,432.91
2026-06-19,SPY,667.83
2026-06-19,TLT,85.55
2026-06-19,OAT34,94.42
2026-06-19,BUND35,97.69
2026-06-19,MC,679.34
2026-06-19,TTE,61.0
2026-06-19,AI,185.1
2026-06-19,MMF,1039.3
2026-06-19,BTC,95631.41
2026-06-19,ETH,2578.44
2026-06-19,SOL,121.36
2026-06-22,MSFT,472.19
2026-06-22,NVDA,142.54
2026-06-22,AMZN,251.88
2026-06-22,GOOGL,446.3
2026-06-22,SPY,671.45
2026-06-22,TLT,85.8
2026-06-22,OAT34,94.79
2026-06-22,BUND35,97.36
2026-06-22,MC,697.32
2026-06-22,TTE,60.38
2026-06-22,AI,185.13
2026-06-22,MMF,1039.11
2026-06-22,BTC,94058.15
2026-06-22,ETH,2675.94
2026-06-22,SOL,119.36
2026-06-23,MSFT,468.41
2026-06-23,NVDA,145.96
2026-06-23,AMZN,260.05
2026-06-23,GOOGL,458.55
2026-06-23,SPY,679.67
2026-06-23,TLT,86.52
2026-06-23,OAT34,94.64
2026-06-23,BUND35,97.8
2026-06-23,MC,702.76
2026-06-23,TTE,61.36
2026-06-23,AI,183.51
2026-06-23,MMF,1039.77
2026-06-23,BTC,89182.1
2026-06-23,ETH,2634.18
2026-06-23,SOL,129.07
2026-06-24,MSFT,457.7
2026-06-24,NVDA,140.85
2026-06-24,AMZN,255.29
2026-06-24,GOOGL,444.58
2026-06-24,SPY,669.98
2026-06-24,TLT,86.82
2026-06-24,OAT34,94.34
2026-06-24,BUND35,97.93
2026-06-24,MC,668.07
2026-06-24,TTE,59.78
2026-06-24,AI,181.25
2026-06-24,MMF,1040.1
2026-06-24,BTC,85744.47
2026-06-24,ETH,2513.14
2026-06-24,SOL,113.62
2026-06-25,MSFT,464.5
2026-06-25,NVDA,143.1
2026-06-25,AMZN,254.61
2026-06-25,GOOGL,453.59
2026-06-25,SPY,675.85
2026-06-25,TLT,85.59
2026-06-25,OAT34,94.01
2026-06-25,BUND35,97.59
2026-06-25,MC,680.66
2026-06-25,TTE,60.36
2026-06-25,AI,182.85
2026-06-25,MMF,1040.21
2026-06-25,BTC,84164.72
2026-06-25,ETH,2330.21
2026-06-25,SOL,116.21
2026-06-26,MSFT,462.67
2026-06-26,NVDA,138.2
2026-06-26,AMZN,250.72
2026-06-26,GOOGL,447.81
2026-06-26,SPY,667.18
2026-06-26,TLT,84.55
2026-06-26,OAT34,93.3
2026-06-26,BUND35,97.95
2026-06-26,MC,672.86
2026-06-26,TTE,58.88
2026-06-26,AI,181.14
2026-06-26,MMF,1039.88
2026-06-26,BTC,82087.03
2026-06-26,ETH,2275.09
2026-06-26,SOL,112.26
2026-06-29,MSFT,473.42
2026-06-29,NVDA,143.29
2026-06-29,AMZN,251.79
2026-06-29,GOOGL,450.26
2026-06-29,SPY,662.65
2026-06-29,TLT,84.38
2026-06-29,OAT34,94.2
2026-06-29,BUND35,98.12
2026-06-29,MC,675.09
2026-06-29,TTE,59.5
2026-06-29,AI,183.58
2026-06-29,MMF,1039.93
2026-06-29,BTC,81194.41
2026-06-29,ETH,2136.26
2026-06-29,SOL,104.2
2026-06-30,MSFT,462.29
2026-06-30,NVDA,140.38
2026-06-30,AMZN,253.54
2026-06-30,GOOGL,449.44
2026-06-30,SPY,663.35
2026-06-30,TLT,84.04
2026-06-30,OAT34,94.53
2026-06-30,BUND35,98.06
2026-06-30,MC,666.31
2026-06-30,TTE,59.77
2026-06-30,AI,183.9
2026-06-30,MMF,1039.66
2026-06-30,BTC,86364.63
2026-06-30,ETH,2213.67
2026-06-30,SOL,103.06
2026-07-01,MSFT,457.92
2026-07-01,NVDA,138.95
2026-07-01,AMZN,248.53
2026-07-01,GOOGL,443.43
2026-07-01,SPY,653.38
2026-07-01,TLT,83.94
2026-07-01,OAT34,94.64
2026-07-01,BUND35,98.57
2026-07-01,MC,647.83
2026-07-01,TTE,59.54
2026-07-01,AI,182.77
2026-07-01,MMF,1039.66
2026-07-01,BTC,88715.88
2026-07-01,ETH,2137.58
2026-07-01,SOL,97.49
2026-07-02,MSFT,453.03
2026-07-02,NVDA,144.14
2026-07-02,AMZN,249.47
2026-07-02,GOOGL,458.38
2026-07-02,SPY,663.64
2026-07-02,TLT,84.68
2026-07-02,OAT34,94.4
2026-07-02,BUND35,98.7
2026-07-02,MC,651.98
2026-07-02,TTE,59.91
2026-07-02,AI,185.03
2026-07-02,MMF,1039.85
2026-07-02,BTC,89921.0
2026-07-02,ETH,2205.42
2026-07-02,SOL,96.86
2026-07-03,MSFT,453.89
2026-07-03,NVDA,147.47
2026-07-03,AMZN,253.3
2026-07-03,GOOGL,459.87
2026-07-03,SPY,663.35
2026-07-03,TLT,84.93
2026-07-03,OAT34,94.44
2026-07-03,BUND35,98.57
2026-07-03,MC,657.04
2026-07-03,TTE,60.65
2026-07-03,AI,186.62
2026-07-03,MMF,1039.88
2026-07-03,BTC,94149.14
2026-07-03,ETH,2181.46
2026-07-03,SOL,100.29
2026-07-06,MSFT,453.05
2026-07-06,NVDA,152.99
2026-07-06,AMZN,263.28
2026-07-06,GOOGL,469.43
2026-07-06,SPY,672.38
2026-07-06,TLT,85.17
2026-07-06,OAT34,94.48
2026-07-06,BUND35,98.64
2026-07-06,MC,658.39
2026-07-06,TTE,62.35
2026-07-06,AI,188.66
2026-07-06,MMF,1040.33
2026-07-06,BTC,91680.68
2026-07-06,ETH,2221.1
2026-07-06,SOL,108.51
2026-07-07,MSFT,457.85
2026-07-07,NVDA,151.3
2026-07-07,AMZN,267.58
2026-07-07,GOOGL,474.89
2026-07-07,SPY,673.57
2026-07-07,TLT,84.96
2026-07-07,OAT34,94.7
2026-07-07,BUND35,99.18
2026-07-07,MC,661.48
2026-07-07,TTE,62.2
2026-07-07,AI,190.28
2026-07-07,MMF,1040.12
2026-07-07,BTC,92426.7
2026-07-07,ETH,2187.44
2026-07-07,SOL,104.38
2026-07-08,MSFT,454.42
2026-07-08,NVDA,150.62
2026-07-08,AMZN,264.96
2026-07-08,GOOGL,474.65
2026-07-08,SPY,672.79
2026-07-08,TLT,85.74
2026-07-08,OAT34,94.93
2026-07-08,BUND35,98.77
2026-07-08,MC,645.72
2026-07-08,TTE,61.44
2026-07-08,AI,189.67
2026-07-08,MMF,1040.37
2026-07-08,BTC,88324.14
2026-07-08,ETH,2028.71
2026-07-08,SOL,89.92
2026-07-09,MSFT,450.75
2026-07-09,NVDA,149.05
2026-07-09,AMZN,265.37
2026-07-09,GOOGL,469.68
2026-07-09,SPY,680.26
2026-07-09,TLT,85.37
2026-07-09,OAT34,94.55
2026-07-09,BUND35,98.87
2026-07-09,MC,648.62
2026-07-09,TTE,61.05
2026-07-09,AI,193.54
2026-07-09,MMF,1040.34
2026-07-09,BTC,91127.6
2026-07-09,ETH,2039.47
2026-07-09,SOL,96.14
2026-07-10,MSFT,454.34
2026-07-10,NVDA,152.11
2026-07-10,AMZN,261.47
2026-07-10,GOOGL,475.66
2026-07-10,SPY,681.95
2026-07-10,TLT,85.69
2026-07-10,OAT34,94.45
2026-07-10,BUND35,98.87
2026-07-10,MC,662.19
2026-07-10,TTE,61.6
2026-07-10,AI,194.42
2026-07-10,MMF,1040.04
2026-07-10,BTC,92177.78
2026-07-10,ETH,2051.73
2026-07-10,SOL,92.87
2026-07-13,MSFT,464.3
2026-07-13,NVDA,156.06
2026-07-13,AMZN,261.53
2026-07-13,GOOGL,488.0
2026-07-13,SPY,690.08
2026-07-13,TLT,86.02
2026-07-13,OAT34,94.08
2026-07-13,BUND35,99.22
2026-07-13,MC,671.72
2026-07-13,TTE,63.36
2026-07-13,AI,198.41
2026-07-13,MMF,1039.66
2026-07-13,BTC,92291.32
2026-07-13,ETH,2100.1
2026-07-13,SOL,100.66
2026-07-14,MSFT,471.72
2026-07-14,NVDA,157.96
2026-07-14,AMZN,264.25
2026-07-14,GOOGL,481.33
2026-07-14,SPY,689.64
2026-07-14,TLT,85.98
2026-07-14,OAT34,93.97
2026-07-14,BUND35,99.49
2026-07-14,MC,677.68
2026-07-14,TTE,62.82
2026-07-14,AI,199.77
2026-07-14,MMF,1039.77
2026-07-14,BTC,93523.19
2026-07-14,ETH,2133.93
2026-07-14,SOL,93.96
2026-07-15,MSFT,461.97
2026-07-15,NVDA,153.69
2026-07-15,AMZN,262.15
2026-07-15,GOOGL,478.75
2026-07-15,SPY,690.03
2026-07-15,TLT,86.3
2026-07-15,OAT34,93.29
2026-07-15,BUND35,99.42
2026-07-15,MC,676.64
2026-07-15,TTE,62.04
2026-07-15,AI,197.06
2026-07-15,MMF,1039.62
2026-07-15,BTC,89958.75
2026-07-15,ETH,2062.1
2026-07-15,SOL,98.18
2026-07-16,MSFT,469.11
2026-07-16,NVDA,154.32
2026-07-16,AMZN,265.71
2026-07-16,GOOGL,478.46
2026-07-16,SPY,690.57
2026-07-16,TLT,86.96
2026-07-16,OAT34,92.76
2026-07-16,BUND35,99.18
2026-07-16,MC,688.49
2026-07-16,TTE,63.09
2026-07-16,AI,197.95
2026-07-16,MMF,1039.98
2026-07-16,BTC,91625.69
2026-07-16,ETH,2006.75
2026-07-16,SOL,106.14
2026-07-17,MSFT,463.45
2026-07-17,NVDA,149.43
2026-07-17,AMZN,262.34
2026-07-17,GOOGL,467.64
2026-07-17,SPY,684.31
2026-07-17,TLT,86.72
2026-07-17,OAT34,92.83
2026-07-17,BUND35,99.77
2026-07-17,MC,684.7
2026-07-17,TTE,61.53
2026-07-17,AI,197.03
2026-07-17,MMF,1040.09
2026-07-17,BTC,88027.3
2026-07-17,ETH,2071.64
2026-07-17,SOL,102.63
2026-07-20,MSFT,460.86
2026-07-20,NVDA,152.31
2026-07-20,AMZN,258.42
2026-07-20,GOOGL,480.09
2026-07-20,SPY,685.27
2026-07-20,TLT,86.34
2026-07-20,OAT34,93.05
2026-07-20,BUND35,100.36
2026-07-20,MC,682.03
2026-07-20,TTE,60.6
2026-07-20,AI,196.2
2026-07-20,MMF,1040.13
2026-07-20,BTC,85189.83
2026-07-20,ETH,2075.56
2026-07-20,SOL,101.36
2026-07-21,MSFT,464.1
2026-07-21,NVDA,157.84
2026-07-21,AMZN,257.46
2026-07-21,GOOGL,474.48
2026-07-21,SPY,690.37
2026-07-21,TLT,85.68
2026-07-21,OAT34,93.46
2026-07-21,BUND35,99.84
2026-07-21,MC,687.71
2026-07-21,TTE,61.59
2026-07-21,AI,195.18
2026-07-21,MMF,1040.19
2026-07-21,BTC,87659.74
2026-07-21,ETH,2112.26
2026-07-21,SOL,98.71
2026-07-22,MSFT,469.44
2026-07-22,NVDA,160.85
2026-07-22,AMZN,262.87
2026-07-22,GOOGL,479.32
2026-07-22,SPY,689.71
2026-07-22,TLT,85.42
2026-07-22,OAT34,93.22
2026-07-22,BUND35,99.64
2026-07-22,MC,705.8
2026-07-22,TTE,62.39
2026-07-22,AI,197.38
2026-07-22,MMF,1040.39
2026-07-22,BTC,86952.68
2026-07-22,ETH,1960.07
2026-07-22,SOL,101.44
2026-07-23,MSFT,470.63
2026-07-23,NVDA,160.01
2026-07-23,AMZN,269.13
2026-07-23,GOOGL,467.87
2026-07-23,SPY,690.13
2026-07-23,TLT,86.11
2026-07-23,OAT34,93.12
2026-07-23,BUND35,99.4
2026-07-23,MC,703.52
2026-07-23,TTE,62.48
2026-07-23,AI,195.94
2026-07-23,MMF,1040.76
2026-07-23,BTC,88797.09
2026-07-23,ETH,1983.25
2026-07-23,SOL,97.44
2026-07-24,MSFT,472.37
2026-07-24,NVDA,157.14
2026-07-24,AMZN,267.85
2026-07-24,GOOGL,471.47
2026-07-24,SPY,681.31
2026-07-24,TLT,87.32
2026-07-24,OAT34,93.37
2026-07-24,BUND35,99.82
2026-07-24,MC,674.64
2026-07-24,TTE,62.59
2026-07-24,AI,194.54
2026-07-24,MMF,1040.9
2026-07-24,BTC,86337.56
2026-07-24,ETH,1965.42
2026-07-24,SOL,92.83
2026-07-27,MSFT,484.71
2026-07-27,NVDA,167.42
2026-07-27,AMZN,267.55
2026-07-27,GOOGL,474.51
2026-07-27,SPY,685.76
2026-07-27,TLT,88.03
2026-07-27,OAT34,93.23
2026-07-27,BUND35,99.22
2026-07-27,MC,691.4
2026-07-27,TTE,61.69
2026-07-27,AI,194.73
2026-07-27,MMF,1041.1
2026-07-27,BTC,87817.79
2026-07-27,ETH,1975.76
2026-07-27,SOL,90.86
2026-07-28,MSFT,502.47
2026-07-28,NVDA,168.97
2026-07-28,AMZN,266.09
2026-07-28,GOOGL,481.58
2026-07-28,SPY,700.21
2026-07-28,TLT,88.3
2026-07-28,OAT34,93.22
2026-07-28,BUND35,99.2
2026-07-28,MC,692.58
2026-07-28,TTE,62.11
2026-07-28,AI,198.44
2026-07-28,MMF,1041.06
2026-07-28,BTC,85023.37
2026-07-28,ETH,2156.91
2026-07-28,SOL,92.3
2026-07-29,MSFT,510.64
2026-07-29,NVDA,175.92
2026-07-29,AMZN,263.11
2026-07-29,GOOGL,495.38
2026-07-29,SPY,702.02
2026-07-29,TLT,88.51
2026-07-29,OAT34,93.14
2026-07-29,BUND35,99.07
2026-07-29,MC,714.34
2026-07-29,TTE,63.83
2026-07-29,AI,199.65
2026-07-29,MMF,1041.41
2026-07-29,BTC,86846.37
2026-07-29,ETH,2170.94
2026-07-29,SOL,95.61
2026-07-30,MSFT,520.55
2026-07-30,NVDA,178.14
2026-07-30,AMZN,267.8
2026-07-30,GOOGL,492.39
2026-07-30,SPY,698.4
2026-07-30,TLT,88.34
2026-07-30,OAT34,93.14
2026-07-30,BUND35,99.02
2026-07-30,MC,721.63
2026-07-30,TTE,65.49
2026-07-30,AI,201.7
2026-07-30,MMF,1041.12
2026-07-30,BTC,89205.69
2026-07-30,ETH,2218.44
2026-07-30,SOL,104.6
2026-07-31,MSFT,510.94
2026-07-31,NVDA,177.4
2026-07-31,AMZN,270.07
2026-07-31,GOOGL,490.38
2026-07-31,SPY,699.39
2026-07-31,TLT,89.26
2026-07-31,OAT34,93.26
2026-07-31,BUND35,98.84
2026-07-31,MC,714.1
2026-07-31,TTE,64.98
2026-07-31,AI,201.45
2026-07-31,MMF,1041.22
2026-07-31,BTC,88469.43
2026-07-31,ETH,2243.4
2026-07-31,SOL,114.77
2026-08-03,MSFT,522.86
2026-08-03,NVDA,185.21
2026-08-03,AMZN,276.62
2026-08-03,GOOGL,497.06
2026-08-03,SPY,696.64
2026-08-03,TLT,90.07
2026-08-03,OAT34,93.24
2026-08-03,BUND35,98.93
2026-08-03,MC,719.44
2026-08-03,TTE,64.93
2026-08-03,AI,202.96
2026-08-03,MMF,1041.5
2026-08-03,BTC,91934.34
2026-08-03,ETH,2230.85
2026-08-03,SOL,116.22
2026-08-04,MSFT,508.45
2026-08-04,NVDA,177.72
2026-08-04,AMZN,282.33
2026-08-04,GOOGL,485.72
2026-08-04,SPY,699.38
2026-08-04,TLT,89.97
2026-08-04,OAT34,93.42
2026-08-04,BUND35,98.61
2026-08-04,MC,722.63
2026-08-04,TTE,64.53
2026-08-04,AI,204.55
2026-08-04,MMF,1041.71
2026-08-04,BTC,89081.87
2026-08-04,ETH,2260.04
2026-08-04,SOL,110.02
2026-08-05,MSFT,500.57
2026-08-05,NVDA,176.29
2026-08-05,AMZN,278.16
2026-08-05,GOOGL,470.81
2026-08-05,SPY,694.97
2026-08-05,TLT,88.78
2026-08-05,OAT34,93.36
2026-08-05,BUND35,98.86
2026-08-05,MC,719.2
2026-08-05,TTE,62.38
2026-08-05,AI,202.36
2026-08-05,MMF,1041.68
2026-08-05,BTC,87747.49
2026-08-05,ETH,2207.62
2026-08-05,SOL,108.96
2026-08-06,MSFT,504.52
2026-08-06,NVDA,174.49
2026-08-06,AMZN,277.47
2026-08-06,GOOGL,462.53
2026-08-06,SPY,694.61
2026-08-06,TLT,89.84
2026-08-06,OAT34,93.25
2026-08-06,BUND35,98.85
2026-08-06,MC,716.97
2026-08-06,TTE,62.66
2026-08-06,AI,198.35
2026-08-06,MMF,1042.08
2026-08-06,BTC,84362.36
2026-08-06,ETH,2228.46
2026-08-06,SOL,102.6
2026-08-07,MSFT,506.47
2026-08-07,NVDA,176.6
2026-08-07,AMZN,283.15
2026-08-07,GOOGL,470.28
2026-08-07,SPY,700.39
2026-08-07,TLT,90.03
2026-08-07,OAT34,93.09
2026-08-07,BUND35,98.94
2026-08-07,MC,725.4
2026-08-07,TTE,62.83
2026-08-07,AI,199.32
2026-08-07,MMF,1041.93
2026-08-07,BTC,85695.21
2026-08-07,ETH,2151.07
2026-08-07,SOL,102.13
2026-08-10,MSFT,497.67
2026-08-10,NVDA,167.95
2026-08-10,AMZN,279.17
2026-08-10,GOOGL,463.01
2026-08-10,SPY,690.12
2026-08-10,TLT,89.96
2026-08-10,OAT34,93.22
2026-08-10,BUND35,98.8
2026-08-10,MC,716.51
2026-08-10,TTE,61.63
2026-08-10,AI,197.29
2026-08-10,MMF,1041.86
2026-08-10,BTC,86094.81
2026-08-10,ETH,2024.28
2026-08-10,SOL,100.38
2026-08-11,MSFT,479.41
2026-08-11,NVDA,160.41
2026-08-11,AMZN,274.64
2026-08-11,GOOGL,451.24
2026-08-11,SPY,686.01
2026-08-11,TLT,89.82
2026-08-11,OAT34,93.28
2026-08-11,BUND35,99.14
2026-08-11,MC,690.06
2026-08-11,TTE,60.2
2026-08-11,AI,193.22
2026-08-11,MMF,1042.12
2026-08-11,BTC,83873.09
2026-08-11,ETH,1818.06
2026-08-11,SOL,90.03
2026-08-12,MSFT,496.25
2026-08-12,NVDA,171.38
2026-08-12,AMZN,281.22
2026-08-12,GOOGL,456.24
2026-08-12,SPY,699.0
2026-08-12,TLT,90.11
2026-08-12,OAT34,93.0
2026-08-12,BUND35,98.66
2026-08-12,MC,711.57
2026-08-12,TTE,61.52
2026-08-12,AI,194.3
2026-08-12,MMF,1042.3
2026-08-12,BTC,89069.87
2026-08-12,ETH,1770.72
2026-08-12,SOL,96.44
2026-08-13,MSFT,488.3
2026-08-13,NVDA,171.98
2026-08-13,AMZN,277.14
2026-08-13,GOOGL,445.29
2026-08-13,SPY,697.55
2026-08-13,TLT,90.23
2026-08-13,OAT34,92.65
2026-08-13,BUND35,98.67
2026-08-13,MC,686.82
2026-08-13,TTE,61.29
2026-08-13,AI,193.2
2026-08-13,MMF,1042.45
2026-08-13,BTC,87772.48
2026-08-13,ETH,1752.92
2026-08-13,SOL,91.67
2026-08-14,MSFT,499.42
2026-08-14,NVDA,178.12
2026-08-14,AMZN,284.33
2026-08-14,GOOGL,454.19
2026-08-14,SPY,704.92
2026-08-14,TLT,90.04
2026-08-14,OAT34,92.88
2026-08-14,BUND35,98.79
2026-08-14,MC,694.37
2026-08-14,TTE,60.67
2026-08-14,AI,191.42
2026-08-14,MMF,1042.42
2026-08-14,BTC,89733.72
2026-08-14,ETH,1776.42
2026-08-14,SOL,91.99
2026-08-17,MSFT,493.42
2026-08-17,NVDA,176.16
2026-08-17,AMZN,285.71
2026-08-17,GOOGL,450.99
2026-08-17,SPY,708.61
2026-08-17,TLT,89.75
2026-08-17,OAT34,92.55
2026-08-17,BUND35,99.64
2026-08-17,MC,680.61
2026-08-17,TTE,61.15
2026-08-17,AI,189.3
2026-08-17,MMF,1042.15
2026-08-17,BTC,90666.56
2026-08-17,ETH,1701.72
2026-08-17,SOL,90.58
2026-08-18,MSFT,501.54
2026-08-18,NVDA,182.97
2026-08-18,AMZN,293.64
2026-08-18,GOOGL,447.37
2026-08-18,SPY,711.57
2026-08-18,TLT,90.72
2026-08-18,OAT34,92.8
2026-08-18,BUND35,100.37
2026-08-18,MC,684.2
2026-08-18,TTE,61.76
2026-08-18,AI,190.65
2026-08-18,MMF,1041.95
2026-08-18,BTC,86554.72
2026-08-18,ETH,1836.31
2026-08-18,SOL,86.63
2026-08-19,MSFT,489.23
2026-08-19,NVDA,175.09
2026-08-19,AMZN,287.56
2026-08-19,GOOGL,439.67
2026-08-19,SPY,704.65
2026-08-19,TLT,90.79
2026-08-19,OAT34,92.72
2026-08-19,BUND35,100.61
2026-08-19,MC,664.44
2026-08-19,TTE,61.3
2026-08-19,AI,185.15
2026-08-19,MMF,1042.14
2026-08-19,BTC,84955.08
2026-08-19,ETH,1782.79
2026-08-19,SOL,84.46
2026-08-20,MSFT,476.52
2026-08-20,NVDA,169.56
2026-08-20,AMZN,288.19
2026-08-20,GOOGL,419.11
2026-08-20,SPY,694.24
2026-08-20,TLT,91.32
2026-08-20,OAT34,92.7
2026-08-20,BUND35,100.69
2026-08-20,MC,647.91
2026-08-20,TTE,60.12
2026-08-20,AI,181.59
2026-08-20,MMF,1042.22
2026-08-20,BTC,83082.36
2026-08-20,ETH,1702.14
2026-08-20,SOL,85.01
2026-08-21,MSFT,487.74
2026-08-21,NVDA,170.66
2026-08-21,AMZN,291.41
2026-08-21,GOOGL,412.19
2026-08-21,SPY,704.31
2026-08-21,TLT,90.77
2026-08-21,OAT34,92.61
2026-08-21,BUND35,100.2
2026-08-21,MC,655.86
2026-08-21,TTE,61.45
2026-08-21,AI,184.55
2026-08-21,MMF,1042.44
2026-08-21,BTC,83058.34
2026-08-21,ETH,1633.8
2026-08-21,SOL,83.24
2026-08-24,MSFT,498.92
2026-08-24,NVDA,170.86
2026-08-24,AMZN,293.26
2026-08-24,GOOGL,413.93
2026-08-24,SPY,707.39
2026-08-24,TLT,90.31
2026-08-24,OAT34,92.95
2026-08-24,BUND35,99.77
2026-08-24,MC,646.44
2026-08-24,TTE,60.57
2026-08-24,AI,185.57
2026-08-24,MMF,1042.61
2026-08-24,BTC,84883.35
2026-08-24,ETH,1649.35
2026-08-24,SOL,81.87
2026-08-25,MSFT,501.72
2026-08-25,NVDA,176.19
2026-08-25,AMZN,296.48
2026-08-25,GOOGL,420.19
2026-08-25,SPY,715.23
2026-08-25,TLT,89.49
2026-08-25,OAT34,93.49
2026-08-25,BUND35,99.87
2026-08-25,MC,653.63
2026-08-25,TTE,60.41
2026-08-25,AI,187.02
2026-08-25,MMF,1042.69
2026-08-25,BTC,78548.55
2026-08-25,ETH,1636.42
2026-08-25,SOL,79.82
2026-08-26,MSFT,509.44
2026-08-26,NVDA,183.77
2026-08-26,AMZN,309.08
2026-08-26,GOOGL,422.02
2026-08-26,SPY,720.12
2026-08-26,TLT,88.88
2026-08-26,OAT34,93.73
2026-08-26,BUND35,99.81
2026-08-26,MC,679.72
2026-08-26,TTE,60.82
2026-08-26,AI,191.97
2026-08-26,MMF,1043.13
2026-08-26,BTC,77773.98
2026-08-26,ETH,1598.18
2026-08-26,SOL,83.69
2026-08-27,MSFT,506.08
2026-08-27,NVDA,179.43
2026-08-27,AMZN,303.02
2026-08-27,GOOGL,415.34
2026-08-27,SPY,715.73
2026-08-27,TLT,88.94
2026-08-27,OAT34,93.53
2026-08-27,BUND35,99.93
2026-08-27,MC,679.98
2026-08-27,TTE,59.88
2026-08-27,AI,187.35
2026-08-27,MMF,1043.36
2026-08-27,BTC,80275.38
2026-08-27,ETH,1531.04
2026-08-27,SOL,84.05
2026-08-28,MSFT,508.03
2026-08-28,NVDA,179.64
2026-08-28,AMZN,297.86
2026-08-28,GOOGL,416.51
2026-08-28,SPY,722.33
2026-08-28,TLT,88.98
2026-08-28,OAT34,93.52
2026-08-28,BUND35,99.8
2026-08-28,MC,664.11
2026-08-28,TTE,60.12
2026-08-28,AI,188.08
2026-08-28,MMF,1043.28
2026-08-28,BTC,81962.32
2026-08-28,ETH,1508.61
2026-08-28,SOL,90.23
2026-08-31,MSFT,503.44
2026-08-31,NVDA,179.42
2026-08-31,AMZN,295.7
2026-08-31,GOOGL,412.64
2026-08-31,SPY,721.41
2026-08-31,TLT,89.18
2026-08-31,OAT34,93.65
2026-08-31,BUND35,100.19
2026-08-31,MC,657.25
2026-08-31,TTE,59.25
2026-08-31,AI,189.13
2026-08-31,MMF,1043.59
2026-08-31,BTC,80372.12
2026-08-31,ETH,1500.95
2026-08-31,SOL,87.18
2026-09-01,MSFT,506.64
2026-09-01,NVDA,181.74
2026-09-01,AMZN,290.36
2026-09-01,GOOGL,410.62
2026-09-01,SPY,726.22
2026-09-01,TLT,89.01
2026-09-01,OAT34,93.47
2026-09-01,BUND35,99.98
2026-09-01,MC,633.91
2026-09-01,TTE,59.53
2026-09-01,AI,190.11
2026-09-01,MMF,1043.92
2026-09-01,BTC,77684.66
2026-09-01,ETH,1476.37
2026-09-01,SOL,83.85
2026-09-02,MSFT,513.41
2026-09-02,NVDA,183.88
2026-09-02,AMZN,290.1
2026-09-02,GOOGL,424.15
2026-09-02,SPY,723.89
2026-09-02,TLT,88.28
2026-09-02,OAT34,93.79
2026-09-02,BUND35,99.71
2026-09-02,MC,643.47
2026-09-02,TTE,59.98
2026-09-02,AI,190.36
2026-09-02,MMF,1044.25
2026-09-02,BTC,82260.43
2026-09-02,ETH,1452.17
2026-09-02,SOL,83.41
2026-09-03,MSFT,515.76
2026-09-03,NVDA,177.29
2026-09-03,AMZN,286.13
2026-09-03,GOOGL,418.64
2026-09-03,SPY,718.02
2026-09-03,TLT,88.78
2026-09-03,OAT34,93.9
2026-09-03,BUND35,99.35
2026-09-03,MC,633.64
2026-09-03,TTE,60.18
2026-09-03,AI,190.43
2026-09-03,MMF,1044.47
2026-09-03,BTC,79256.73
2026-09-03,ETH,1468.51
2026-09-03,SOL,85.27
2026-09-04,MSFT,518.16
2026-09-04,NVDA,183.88
2026-09-04,AMZN,283.35
2026-09-04,GOOGL,417.46
2026-09-04,SPY,712.31
2026-09-04,TLT,89.26
2026-09-04,OAT34,93.73
2026-09-04,BUND35,99.23
2026-09-04,MC,633.27
2026-09-04,TTE,60.65
2026-09-04,AI,192.88
2026-09-04,MMF,1044.82
2026-09-04,BTC,82317.87
2026-09-04,ETH,1495.78
2026-09-04,SOL,87.51
2026-09-07,MSFT,535.51
2026-09-07,NVDA,188.66
2026-09-07,AMZN,290.16
2026-09-07,GOOGL,431.09
2026-09-07,SPY,709.9
2026-09-07,TLT,89.61
2026-09-07,OAT34,94.07
2026-09-07,BUND35,99.6
2026-09-07,MC,655.49
2026-09-07,TTE,61.62
2026-09-07,AI,195.66
2026-09-07,MMF,1044.96
2026-09-07,BTC,84337.97
2026-09-07,ETH,1489.1
2026-09-07,SOL,89.9
2026-09-08,MSFT,524.57
2026-09-08,NVDA,192.42
2026-09-08,AMZN,284.36
2026-09-08,GOOGL,413.72
2026-09-08,SPY,699.72
2026-09-08,TLT,89.93
2026-09-08,OAT34,94.04
2026-09-08,BUND35,99.41
2026-09-08,MC,636.57
2026-09-08,TTE,60.45
2026-09-08,AI,192.48
2026-09-08,MMF,1045.08
2026-09-08,BTC,81249.36
2026-09-08,ETH,1491.24
2026-09-08,SOL,86.57
2026-09-09,MSFT,515.93
2026-09-09,NVDA,188.0
2026-09-09,AMZN,278.39
2026-09-09,GOOGL,417.88
2026-09-09,SPY,696.59
2026-09-09,TLT,88.86
2026-09-09,OAT34,93.91
2026-09-09,BUND35,99.5
2026-09-09,MC,638.49
2026-09-09,TTE,60.75
2026-09-09,AI,194.08
2026-09-09,MMF,1044.86
2026-09-09,BTC,79490.88
2026-09-09,ETH,1532.75
2026-09-09,SOL,86.16
2026-09-10,MSFT,516.13
2026-09-10,NVDA,190.65
2026-09-10,AMZN,273.52
2026-09-10,GOOGL,422.2
2026-09-10,SPY,696.7
2026-09-10,TLT,88.48
2026-09-10,OAT34,93.93
2026-09-10,BUND35,99.46
2026-09-10,MC,637.92
2026-09-10,TTE,60.61
2026-09-10,AI,194.16
2026-09-10,MMF,1044.86
2026-09-10,BTC,75119.93
2026-09-10,ETH,1578.56
2026-09-10,SOL,93.54
2026-09-11,MSFT,518.37
2026-09-11,NVDA,192.01
2026-09-11,AMZN,273.9
2026-09-11,GOOGL,422.33
2026-09-11,SPY,695.05
2026-09-11,TLT,88.4
2026-09-11,OAT34,94.11
2026-09-11,BUND35,99.53
2026-09-11,MC,648.05
2026-09-11,TTE,59.71
2026-09-11,AI,193.8
2026-09-11,MMF,1044.51
2026-09-11,BTC,74353.79
2026-09-11,ETH,1562.41
2026-09-11,SOL,87.14
2026-09-14,MSFT,530.06
2026-09-14,NVDA,198.07
2026-09-14,AMZN,278.42
2026-09-14,GOOGL,424.61
2026-09-14,SPY,705.23
2026-09-14,TLT,89.66
2026-09-14,OAT34,93.42
2026-09-14,BUND35,98.77
2026-09-14,MC,665.63
2026-09-14,TTE,60.6
2026-09-14,AI,195.69
2026-09-14,MMF,1044.58
2026-09-14,BTC,73782.98
2026-09-14,ETH,1607.97
2026-09-14,SOL,84.27
2026-09-15,MSFT,533.76
2026-09-15,NVDA,201.33
2026-09-15,AMZN,282.58
2026-09-15,GOOGL,423.34
2026-09-15,SPY,703.41
2026-09-15,TLT,89.82
2026-09-15,OAT34,93.91
2026-09-15,BUND35,99.07
2026-09-15,MC,676.72
2026-09-15,TTE,61.19
2026-09-15,AI,196.11
2026-09-15,MMF,1044.52
2026-09-15,BTC,76563.65
2026-09-15,ETH,1662.04
2026-09-15,SOL,78.27
2026-09-16,MSFT,532.81
2026-09-16,NVDA,199.99
2026-09-16,AMZN,286.06
2026-09-16,GOOGL,411.6
2026-09-16,SPY,700.4
2026-09-16,TLT,89.66
2026-09-16,OAT34,93.8
2026-09-16,BUND35,99.24
2026-09-16,MC,684.39
2026-09-16,TTE,62.19
2026-09-16,AI,198.81
2026-09-16,MMF,1044.45
2026-09-16,BTC,77059.75
2026-09-16,ETH,1706.8
2026-09-16,SOL,78.18
2026-09-17,MSFT,529.39
2026-09-17,NVDA,196.96
2026-09-17,AMZN,282.36
2026-09-17,GOOGL,409.24
2026-09-17,SPY,711.31
2026-09-17,TLT,87.86
2026-09-17,OAT34,93.32
2026-09-17,BUND35,99.19
2026-09-17,MC,695.78
2026-09-17,TTE,61.81
2026-09-17,AI,198.4
2026-09-17,MMF,1044.78
2026-09-17,BTC,77670.63
2026-09-17,ETH,1758.72
2026-09-17,SOL,78.69
2026-09-18,MSFT,562.91
2026-09-18,NVDA,205.27
2026-09-18,AMZN,290.28
2026-09-18,GOOGL,417.21
2026-09-18,SPY,726.12
2026-09-18,TLT,87.71
2026-09-18,OAT34,93.75
2026-09-18,BUND35,98.93
2026-09-18,MC,706.36
2026-09-18,TTE,63.29
2026-09-18,AI,205.37
2026-09-18,MMF,1044.66
2026-09-18,BTC,81264.27
2026-09-18,ETH,1750.0
2026-09-18,SOL,85.0
2026-09-21,MSFT,538.59
2026-09-21,NVDA,194.57
2026-09-21,AMZN,280.67
2026-09-21,GOOGL,403.35
2026-09-21,SPY,721.12
2026-09-21,TLT,87.34
2026-09-21,OAT34,94.33
2026-09-21,BUND35,99.22
2026-09-21,MC,681.48
2026-09-21,TTE,60.62
2026-09-21,AI,202.07
2026-09-21,MMF,1044.43
2026-09-21,BTC,82385.42
2026-09-21,ETH,1565.35
2026-09-21,SOL,80.3
2026-09-22,MSFT,527.64
2026-09-22,NVDA,189.42
2026-09-22,AMZN,270.34
2026-09-22,GOOGL,395.48
2026-09-22,SPY,705.83
2026-09-22,TLT,86.73
2026-09-22,OAT34,94.79
2026-09-22,BUND35,99.1
2026-09-22,MC,674.72
2026-09-22,TTE,59.0
2026-09-22,AI,198.35
2026-09-22,MMF,1044.31
2026-09-22,BTC,82400.0
2026-09-22,ETH,1452.06
2026-09-22,SOL,79.12
2026-09-23,MSFT,529.51
2026-09-23,NVDA,193.65
2026-09-23,AMZN,267.13
2026-09-23,GOOGL,398.12
2026-09-23,SPY,711.43
2026-09-23,TLT,87.28
2026-09-23,OAT34,94.92
2026-09-23,BUND35,98.99
2026-09-23,MC,680.09
2026-09-23,TTE,58.7
2026-09-23,AI,200.16
2026-09-23,MMF,1043.93
2026-09-23,BTC,80117.59
2026-09-23,ETH,1448.49
2026-09-23,SOL,78.27
2026-09-24,MSFT,538.57
2026-09-24,NVDA,192.65
2026-09-24,AMZN,278.42
2026-09-24,GOOGL,409.14
2026-09-24,SPY,727.04
2026-09-24,TLT,87.79
2026-09-24,OAT34,94.83
2026-09-24,BUND35,98.93
2026-09-24,MC,687.61
2026-09-24,TTE,58.72
2026-09-24,AI,202.1
2026-09-24,MMF,1043.83
2026-09-24,BTC,81935.74
2026-09-24,ETH,1592.29
2026-09-24,SOL,78.36
2026-09-25,MSFT,542.08
2026-09-25,NVDA,192.98
2026-09-25,AMZN,274.64
2026-09-25,GOOGL,408.94
2026-09-25,SPY,720.85
2026-09-25,TLT,87.72
2026-09-25,OAT34,94.68
2026-09-25,BUND35,99.7
2026-09-25,MC,690.14
2026-09-25,TTE,59.0
2026-09-25,AI,200.4
2026-09-25,MMF,1044.12
2026-09-25,BTC,79994.82
2026-09-25,ETH,1624.62
2026-09-25,SOL,75.82
2026-09-28,MSFT,550.38
2026-09-28,NVDA,189.67
2026-09-28,AMZN,270.68
2026-09-28,GOOGL,416.51
2026-09-28,SPY,720.64
2026-09-28,TLT,87.13
2026-09-28,OAT34,94.56
2026-09-28,BUND35,99.74
2026-09-28,MC,696.35
2026-09-28,TTE,59.66
2026-09-28,AI,199.28
2026-09-28,MMF,1044.29
2026-09-28,BTC,81364.38
2026-09-28,ETH,1819.51
2026-09-28,SOL,73.41
2026-09-29,MSFT,546.14
2026-09-29,NVDA,186.05
2026-09-29,AMZN,264.71
2026-09-29,GOOGL,409.42
2026-09-29,SPY,711.97
2026-09-29,TLT,87.17
2026-09-29,OAT34,94.41
2026-09-29,BUND35,100.33
2026-09-29,MC,691.3
2026-09-29,TTE,58.66
2026-09-29,AI,198.1
2026-09-29,MMF,1044.42
2026-09-29,BTC,83365.88
2026-09-29,ETH,1832.99
2026-09-29,SOL,73.05
2026-09-30,MSFT,534.73
2026-09-30,NVDA,186.01
2026-09-30,AMZN,265.14
2026-09-30,GOOGL,416.93
2026-09-30,SPY,706.38
2026-09-30,TLT,87.57
2026-09-30,OAT34,94.11
2026-09-30,BUND35,99.98
2026-09-30,MC,697.73
2026-09-30,TTE,58.64
2026-09-30,AI,200.19
2026-09-30,MMF,1044.57
2026-09-30,BTC,85559.96
2026-09-30,ETH,1735.7
2026-09-30,SOL,73.88
