date,eurusd
2025-12-31,1.172
2026-01-01,1.1783
2026-01-02,1.1832
2026-01-05,1.1891
2026-01-06,1.1856
2026-01-07,1.1749
2026-01-08,1.1728
2026-01-09,1.1737
2026-01-12,1.1742
2026-01-13,1.1849
2026-01-14,1.1794
2026-01-15,1.1793
2026-01-16,1.1815
2026-01-19,1.1852
2026-01-20,1.1841
2026-01-21,1.1848
2026-01-22,1.183
2026-01-23,1.1732
2026-01-26,1.1705
2026-01-27,1.1742
2026-01-28,1.174
2026-01-29,1.1743
2026-01-30,1.1687
2026-02-02,1.1709
2026-02-03,1.1724
2026-02-04,1.1669
2026-02-05,1.1732
2026-02-06,1.1723
2026-02-09,1.1842
2026-02-10,1.1834
2026-02-11,1.1848
2026-02-12,1.1808
2026-02-13,1.1788
2026-02-16,1.1844
2026-02-17,1.1849
2026-02-18,1.1867
2026-02-19,1.1855
2026-02-20,1.1978
2026-02-23,1.1967
2026-02-24,1.2053
2026-02-25,1.1976
2026-02-26,1.2005
2026-02-27,1.195
2026-03-02,1.1849
2026-03-03,1.1838
2026-03-04,1.1778
2026-03-05,1.1848
2026-03-06,1.1858
2026-03-09,1.1822
2026-03-10,1.1774
2026-03-11,1.1777
2026-03-12,1.1751
2026-03-13,1.1779
2026-03-16,1.1707
2026-03-17,1.1795
2026-03-18,1.1782
2026-03-19,1.1805
2026-03-20,1.1782
2026-03-23,1.1738
2026-03-24,1.1698
2026-03-25,1.1734
2026-03-26,1.168
2026-03-27,1.1725
2026-03-30,1.1697
2026-03-31,1.1656
2026-04-01,1.162
2026-04-02,1.1653
2026-04-03,1.1619
2026-04-06,1.1651
2026-04-07,1.1597
2026-04-08,1.1512
2026-04-09,1.1518
2026-04-10,1.1437
2026-04-13,1.1545
2026-04-14,1.1452
2026-04-15,1.1479
2026-04-16,1.1514
2026-04-17,1.1594
2026-04-20,1.1596
2026-04-21,1.1557
2026-04-22,1.1546
2026-04-23,1.159
2026-04-24,1.1492
2026-04-27,1.1454
2026-04-28,1.137
2026-04-29,1.1344
2026-04-30,1.1285
2026-05-01,1.1303
2026-05-04,1.1335
2026-05-05,1.1339
2026-05-06,1.1366
2026-05-07,1.1265
2026-05-08,1.1243
2026-05-11,1.1234
2026-05-12,1.1364
2026-05-13,1.1324
2026-05-14,1.1318
2026-05-15,1.1301
2026-05-18,1.1291
2026-05-19,1.1328
2026-05-20,1.1306
2026-05-21,1.1268
2026-05-22,1.1275
2026-05-25,1.128
2026-05-26,1.1304
2026-05-27,1.1283
2026-05-28,1.1228
2026-05-29,1.1222
2026-06-01,1.1239
2026-06-02,1.1154
2026-06-03,1.1144
2026-06-04,1.1149
2026-06-05,1.1219
2026-06-08,1.1236
2026-06-09,1.1193
2026-06-10,1.1193
2026-06-11,1.1236
2026-06-12,1.1165
2026-06-15,1.1139
2026-06-16,1.1136
2026-06-17,1.1025
2026-06-18,1.0979
2026-06-19,1.0992
2026-06-22,1.1048
2026-06-23,1.0978
2026-06-24,1.094
2026-06-25,1.0878
2026-06-26,1.0845
2026-06-29,1.0866
2026-06-30,1.0895
2026-07-01,1.0907
2026-07-02,1.0873
2026-07-03,1.0833
2026-07-06,1.0792
2026-07-07,1.0809
2026-07-08,1.079
2026-07-09,1.0768
2026-07-10,1.0864
2026-07-13,1.0926
2026-07-14,1.0851
2026-07-15,1.0893
2026-07-16,1.0818
2026-07-17,1.0868
2026-07-20,1.0813
2026-07-21,1.0813
2026-07-22,1.0797
2026-07-23,1.081
2026-07-24,1.0747
2026-07-27,1.074
2026-07-28,1.0665
2026-07-29,1.0614
2026-07-30,1.0603
2026-07-31,1.0663
2026-08-03,1.059
2026-08-04,1.0512
2026-08-05,1.0521
2026-08-06,1.0546
2026-08-07,1.0505
2026-08-10,1.0455
2026-08-11,1.046
2026-08-12,1.0436
2026-08-13,1.0436
2026-08-14,1.0337
2026-08-17,1.0314
2026-08-18,1.0304
2026-08-19,1.0322
2026-08-20,1.0302
2026-08-21,1.0323
2026-08-24,1.0269
2026-08-25,1.0306
2026-08-26,1.0301
2026-08-27,1.0265
2026-08-28,1.0217
2026-08-31,1.0224
2026-09-01,1.0285
2026-09-02,1.0236
2026-09-03,1.0229
2026-09-04,1.0272
2026-09-07,1.0296
2026-09-08,1.0278
2026-09-09,1.0273
2026-09-10,1.0319
2026-09-11,1.0323
2026-09-14,1.0385
2026-09-15,1.0405
2026-09-16,1.0419
2026-09-17,1.0319
2026-09-18,1.0331
2026-09-21,1.026
2026-09-22,1.0183
2026-09-23,1.0208
2026-09-24,1.0215
2026-09-25,1.0216
2026-09-28,1.0238
2026-09-29,1.0165
2026-09-30,1.0177
